Tx,Ty,Tz,A1x,A1y,A1z,A2x,A2y,A2z
-6.985912695685900615e-14,1.000000000000000000e+00,-2.208718528794893082e-14,1.000000000000000000e+00,6.985912695685900615e-14,0.000000000000000000e+00,1.542991481150492853e-27,-2.208718528794893082e-14,-1.000000000000000000e+00
-1.570731731167985049e-02,9.998766324816628082e-01,5.199691536529364726e-14,9.998766324816628082e-01,1.570731731167985049e-02,-1.748655559599449599e-17,-8.342164471942551871e-16,5.199022596800641268e-14,-1.000000000000000000e+00
-3.141075907807681228e-02,9.995065603657331543e-01,-2.576838283587213812e-14,9.995065603657332653e-01,3.141075907807681922e-02,8.147020278131494396e-17,8.908344672434804848e-16,-2.575310865355835703e-14,-1.000000000000000000e+00
-4.710645070983233290e-02,9.988898749619609108e-01,-5.337736444590182504e-14,9.988898749619611328e-01,4.710645070983233984e-02,1.393745470230042632e-16,2.653638011140319963e-15,-5.331154345693635955e-14,-1.000000000000000000e+00
-6.279051952926144320e-02,9.980267284282747786e-01,9.202993869978949576e-14,9.980267284282748896e-01,6.279051952926145708e-02,1.518529751282218944e-16,-5.627054335236546850e-15,9.185787356520596172e-14,-1.000000000000000000e+00
-7.845909572770475016e-02,9.969173337331390661e-01,1.088254025124689433e-13,9.969173337331390661e-01,7.845909572770475016e-02,2.462092897719543056e-16,-8.292892364632014641e-15,1.085092474734014368e-13,-1.000000000000000000e+00
-9.410831331839722425e-02,9.955619646030910985e-01,1.104359264411558631e-14,9.955619646030910985e-01,9.410831331839722425e-02,2.011402464404843747e-16,-8.390462978061378590e-16,1.101350975838492031e-14,-1.000000000000000000e+00
-1.097343110911515179e-01,9.939609554551679382e-01,1.978643682042258440e-14,9.939609554551680493e-01,1.097343110911515179e-01,-2.610639037837542322e-18,-2.173845886710064236e-15,1.966665917040422191e-14,-1.000000000000000000e+00
-1.253332335640461315e-01,9.921147013145105165e-01,1.067547288916478090e-13,9.921147013145105165e-01,1.253332335640461315e-01,7.566327480371542774e-17,-1.330484872296094865e-14,1.059224190911418885e-13,-1.000000000000000000e+00
-1.409012319375338995e-01,9.900236577165644203e-01,1.056043546579527303e-13,9.900236577165645313e-01,1.409012319375339273e-01,6.633886946245103996e-17,-1.481410661907979479e-14,1.045601566976962974e-13,-1.000000000000000000e+00
-1.564344650402962056e-01,9.876883405951272232e-01,7.050548713197228060e-26,9.876883405951273343e-01,1.564344650402962333e-01,3.098626901894325535e-18,3.060477651825939185e-18,4.847321113947569240e-19,-1.000000000000000000e+00
-1.719291002791891176e-01,9.851093261548125035e-01,8.949911538568516471e-14,9.851093261548123925e-01,1.719291002791891176e-01,1.390593211357238683e-16,-1.525051374990462543e-14,8.819032159301241500e-14,-1.000000000000000000e+00
-1.873813145857759210e-01,9.822872507286788402e-01,6.626155586395267968e-14,9.822872507286789512e-01,1.873813145857759210e-01,1.182727438891542216e-16,-1.229999963585526836e-14,6.511004364083646843e-14,-1.000000000000000000e+00
-2.027872953565793834e-01,9.792228106217519823e-01,-1.840598774036224527e-14,9.792228106217519823e-01,2.027872953565793557e-01,1.788532407640263854e-19,3.732675609407527342e-15,-1.802352677822206629e-14,-1.000000000000000000e+00
-2.181432413964557449e-01,9.759167619387668635e-01,-3.681197547941260223e-14,9.759167619387668635e-01,2.181432413964557171e-01,1.985066923418608252e-16,8.224009661699355640e-15,-3.588212101713127970e-14,-1.000000000000000000e+00
-2.334453638558102173e-01,9.723699203976994276e-01,3.543152639882943450e-14,9.723699203976994276e-01,2.334453638558102451e-01,1.654733750229777342e-18,-8.269716558816493708e-15,3.445293679392117264e-14,-1.000000000000000000e+00
-2.486898871646004705e-01,9.685831611286963572e-01,5.521796322039045562e-14,9.685831611286964682e-01,2.486898871646004983e-01,2.541291992103310013e-16,-1.348600377963171668e-14,5.354638872897072722e-14,-1.000000000000000000e+00
-2.638730499656067874e-01,9.645574184577341281e-01,-1.405757313636335856e-13,9.645574184577341281e-01,2.638730499656067319e-01,1.584201416743273124e-16,3.724695230895289157e-14,-1.355515617359547467e-13,-1.000000000000000000e+00
-2.789911060390453668e-01,9.602936856769964669e-01,1.251607166313263580e-13,9.602936856769964669e-01,2.789911060390453668e-01,1.081123246342083005e-16,-3.481490718292319238e-14,1.202212082528966906e-13,-1.000000000000000000e+00
-2.940403252319919170e-01,9.557930147984260438e-01,1.783080062310963782e-13,9.557930147984261549e-01,2.940403252319920280e-01,1.942607182997837880e-16,-5.224407110605898417e-14,1.704826673231048326e-13,-1.000000000000000000e+00
-3.090169943752406612e-01,9.510565162950582740e-01,-1.325231117280823924e-13,9.510565162950582740e-01,3.090169943752406612e-01,7.450250175738621524e-18,4.095897928044389256e-14,-1.260346667147741684e-13,-1.000000000000000000e+00
-3.239174181980802314e-01,9.460853588275690562e-01,1.580614197172116992e-13,9.460853588275690562e-01,3.239174181980802314e-01,1.980263023405944927e-16,-5.101149720621514834e-14,1.496037391585427184e-13,-1.000000000000000000e+00
-3.387379202455920724e-01,9.408807689541172081e-01,-1.619726921118658891e-13,9.408807689541172081e-01,3.387379202455921279e-01,8.540308549428385366e-17,5.494664698330399216e-14,-1.523680618402179721e-13,-1.000000000000000000e+00
-3.534748437792038511e-01,9.354440308298874740e-01,-1.863606258740872176e-14,9.354440308298874740e-01,3.534748437792037956e-01,5.395028375662876972e-19,6.587883986452779796e-15,-1.743280280488245093e-14,-1.000000000000000000e+00
-3.681245526846474436e-01,9.297764858882633376e-01,-3.681197547911964454e-14,9.297764858882634487e-01,3.681245526846474991e-01,1.981754655893518694e-16,1.373565089467407077e-14,-3.415395594495763981e-14,-1.000000000000000000e+00
-3.826834323647784197e-01,9.238795325114156354e-01,1.414960307508754712e-13,9.238795325114157464e-01,3.826834323647784752e-01,1.201622139170502304e-16,-5.403717130371805033e-14,1.307712708308020705e-13,-1.000000000000000000e+00
-3.971478906347841176e-01,9.177546256839795857e-01,3.681197547886222976e-14,9.177546256839796968e-01,3.971478906347840621e-01,-1.556311619063696598e-17,-1.463408153340354537e-14,3.377817991752422806e-14,-1.000000000000000000e+00
-4.115143586052037450e-01,9.114032766354023263e-01,-1.217095939308666317e-13,9.114032766354023263e-01,4.115143586052037450e-01,3.954412962928111283e-18,5.008884954749196336e-14,-1.109248954088420244e-13,-1.000000000000000000e+00
-4.257792915649890042e-01,9.048270524660588787e-01,4.785556812353168636e-14,9.048270524660588787e-01,4.257792915649890597e-01,9.293316268043022454e-17,-2.029182145341291183e-14,4.334058166547282744e-14,-1.000000000000000000e+00
-4.399391698558495212e-01,8.980275757606477338e-01,3.727212517377597674e-14,8.980275757606478448e-01,4.399391698558495767e-01,1.236155302571510450e-16,-1.628645765275112205e-14,3.352577952701607162e-14,-1.000000000000000000e+00
-4.539904997397526953e-01,8.910065241882628717e-01,-1.362043092750306528e-13,8.910065241882628717e-01,4.539904997397526953e-01,1.031671474402373315e-16,6.192738503593015771e-14,-1.213120912817851276e-13,-1.000000000000000000e+00
-4.679298142606141409e-01,8.837656300886718164e-01,-7.224350187832520160e-14,8.837656300886718164e-01,4.679298142606141964e-01,1.884337199137547571e-16,3.397141966067057533e-14,-6.375815020175054825e-14,-1.000000000000000000e+00
-4.817536741017623969e-01,8.763066800438377157e-01,-1.251607166317409328e-13,8.763066800438377157e-01,4.817536741017623969e-01,1.251258171183573156e-16,6.040628367993751435e-14,-1.096188922413466943e-13,-1.000000000000000000e+00
-4.954586684324089330e-01,8.686315144381904219e-01,-5.268713990615928837e-14,8.686315144381904219e-01,4.954586684324089330e-01,7.738054158047351854e-17,2.617151535843880854e-14,-4.572737126800992436e-14,-1.000000000000000000e+00
-5.090414157503360126e-01,8.607420270039646271e-01,6.626155586390424993e-14,8.607420270039646271e-01,5.090414157503360126e-01,1.507930459183458160e-16,-3.360008229477993489e-14,5.711086581231295538e-14,-1.000000000000000000e+00
-5.224985647160257374e-01,8.526401643540451047e-01,2.990973008512933706e-15,8.526401643540449937e-01,5.224985647160257374e-01,1.661627057222778679e-16,-1.421102107335825595e-15,2.637043492806201600e-15,-1.000000000000000000e+00
-5.358267949789864426e-01,8.443279255020215146e-01,1.325231117287709606e-13,8.443279255020215146e-01,5.358267949789864426e-01,2.020841048159961700e-16,-7.083880896527325513e-14,1.120012460852255461e-13,-1.000000000000000000e+00
-5.490228179982817869e-01,8.358073613681717973e-01,-5.452773867855259078e-14,8.358073613681717973e-01,5.490228179982817869e-01,1.984027105972899882e-16,3.010279919440546169e-14,-4.546575777102361275e-14,-1.000000000000000000e+00
-5.620833778522169588e-01,8.270805742745030997e-01,-1.251607166317765010e-13,8.270805742745030997e-01,5.620833778522170698e-01,1.251626480565094080e-16,7.045427797362539355e-14,-1.034476455444175278e-13,-1.000000000000000000e+00
-5.750052520430702918e-01,8.181497174251698423e-01,6.810215463784657224e-14,8.181497174251698423e-01,5.750052520430702918e-01,1.086755269265716112e-16,-3.907018374056510788e-14,5.578024757175072333e-14,-1.000000000000000000e+00
-5.877852522925224310e-01,8.090169943749117021e-01,4.049317302610446392e-14,8.090169943749115911e-01,5.877852522925223200e-01,-1.548383551138965194e-17,-2.381381660934039308e-14,3.275056396411975854e-14,-1.000000000000000000e+00
-6.004202253258359434e-01,7.996846584871266650e-01,2.135094577829835321e-13,7.996846584871267760e-01,6.004202253258359434e-01,9.762226392283024972e-17,-1.281173297244701486e-13,1.707988522126581127e-13,-1.000000000000000000e+00
-6.129070536528509194e-01,7.901550123757877797e-01,1.362043092769557763e-13,7.901550123757877797e-01,6.129070536528509194e-01,2.035504276700415775e-16,-8.331974550306590819e-14,1.077472751752616438e-13,-1.000000000000000000e+00
-6.252426563358078893e-01,7.804304073382474227e-01,7.063297795173224366e-14,7.804304073382474227e-01,6.252426563358078893e-01,1.298730936422648663e-17,-4.415261506831226451e-14,5.513224397418938701e-14,-1.000000000000000000e+00
-6.374239897487750106e-01,7.705132427757187541e-01,-9.939233379466311864e-14,7.705132427757187541e-01,6.374239897487750106e-01,8.433480516906117931e-17,6.342003904204582749e-14,-7.652935239118697826e-14,-1.000000000000000000e+00
-6.494480483304394536e-01,7.604059655998123279e-01,-1.435667043722020192e-13,7.604059655998123279e-01,6.494480483304395646e-01,-6.049071329169284860e-18,9.323451620983477164e-14,-1.091729070236960475e-13,-1.000000000000000000e+00
-6.613118653236204070e-01,7.501110696304872372e-01,3.681197547799196472e-14,7.501110696304872372e-01,6.613118653236204070e-01,-1.477158214861029075e-17,-2.435527649688387149e-14,2.760330167846334233e-14,-1.000000000000000000e+00
-6.730125135098200539e-01,7.396310949785671607e-01,-1.217095939311979281e-13,7.396310949785671607e-01,6.730125135098200539e-01,4.290719522472991211e-18,8.191525327947371205e-14,-9.001731252079811475e-14,-1.000000000000000000e+00
-6.845471059287061566e-01,7.289686274213951211e-01,-1.104359264496245216e-14,7.289686274213951211e-01,6.845471059287060456e-01,-2.060289684139772764e-17,7.544840518733212104e-15,-8.064536225605818925e-15,-1.000000000000000000e+00
-6.959127965922238257e-01,7.181262977632765221e-01,3.727212517412055749e-14,7.181262977632765221e-01,6.959127965922238257e-01,1.232596537776324598e-16,-2.584963286602675040e-14,2.685187123142799562e-14,-1.000000000000000000e+00
-7.071067811865436870e-01,7.071067811865513475e-01,3.313077793210301828e-14,7.071067811865513475e-01,7.071067811865436870e-01,7.785996510091182994e-17,-2.337194243246973540e-14,2.348205305108159700e-14,-1.000000000000000000e+00
-7.181262977631450717e-01,6.959127965923593839e-01,1.444870037584235858e-13,6.959127965923594950e-01,7.181262977631450717e-01,7.240603403697560555e-17,-1.037095287982895258e-13,1.006023515339339985e-13,-1.000000000000000000e+00
-7.289686274214107753e-01,6.845471059286895033e-01,-1.177983215361835127e-13,6.845471059286896143e-01,7.289686274214107753e-01,6.634064221520542800e-17,8.591669405741154569e-14,-8.059013984395375872e-14,-1.000000000000000000e+00
-7.396310949788631461e-01,6.730125135094946476e-01,-1.263110908649609280e-13,6.730125135094947586e-01,7.396310949788631461e-01,5.707930939451014115e-17,9.346202553391072418e-14,-8.496672711504544764e-14,-1.000000000000000000e+00
-7.501110696305206549e-01,6.613118653235826594e-01,-1.619726921100038239e-13,6.613118653235825484e-01,7.501110696305205439e-01,1.799982013260990150e-16,1.216165442758438144e-13,-1.069794445074206673e-13,-1.000000000000000000e+00
-7.604059655999776401e-01,6.494480483302460527e-01,1.410358810558649089e-13,6.494480483302460527e-01,7.604059655999776401e-01,6.722431218158398534e-17,-1.072008666201818785e-13,9.164659546428440800e-14,-1.000000000000000000e+00
-7.705132427757543923e-01,6.374239897487319340e-01,-1.472479019423888724e-14,6.374239897487319340e-01,7.705132427757543923e-01,-3.324411348303322098e-19,1.134543393580111144e-14,-9.386190664121586281e-15,-1.000000000000000000e+00
-7.804304073382696272e-01,6.252426563357802447e-01,-7.316380126493997433e-14,6.252426563357801337e-01,7.804304073382696272e-01,1.398817855912656364e-16,5.718671528280938470e-14,-4.563596145160598341e-14,-1.000000000000000000e+00
-7.901550123756989619e-01,6.129070536529653834e-01,2.944958038566693054e-14,6.129070536529653834e-01,7.901550123756989619e-01,1.165130242257283787e-16,-2.319832189970540848e-14,1.814191889559428813e-14,-1.000000000000000000e+00
-7.996846584871557528e-01,6.004202253257971966e-01,5.360743929457024058e-14,6.004202253257971966e-01,7.996846584871557528e-01,2.483483652775851948e-16,-4.271993340321007000e-14,3.238559115805771079e-14,-1.000000000000000000e+00
-8.090169943749855319e-01,5.877852522924208456e-01,-5.889916076991836693e-14,5.877852522924208456e-01,8.090169943749855319e-01,8.668569780537716971e-18,4.765551727476387091e-14,-3.461304505268893293e-14,-1.000000000000000000e+00
-8.181497174249833249e-01,5.750052520433357461e-01,-2.135094577844645711e-13,5.750052520433357461e-01,8.181497174249833249e-01,4.574995072872892322e-17,1.747090090158708365e-13,-1.227316292777310670e-13,-1.000000000000000000e+00
-8.270805742746341060e-01,5.620833778520242241e-01,7.362395094195590626e-15,5.620833778520242241e-01,8.270805742746341060e-01,5.906657371419121669e-17,-6.056093623272619740e-15,4.187132719334597566e-15,-1.000000000000000000e+00
-8.358073613681342717e-01,5.490228179983388523e-01,1.444870037584056124e-13,5.490228179983387413e-01,8.358073613681341607e-01,7.234521713925316153e-17,-1.207235821883181762e-13,7.938712863262117428e-14,-1.000000000000000000e+00
-8.443279255018960594e-01,5.358267949791840623e-01,1.951034700440601565e-13,5.358267949791840623e-01,8.443279255018960594e-01,1.874182799148941460e-16,-1.646308843842753199e-13,1.046999095305076796e-13,-1.000000000000000000e+00
-8.526401643542155240e-01,5.224985647157477375e-01,-2.689574958502601077e-13,5.224985647157477375e-01,8.526401643542154130e-01,6.393071604720645939e-17,2.293573671734398874e-13,-1.404753956550648203e-13,-1.000000000000000000e+00
-8.607420270039448651e-01,5.090414157503694303e-01,-1.619726921096702052e-13,5.090414157503693193e-01,8.607420270039447541e-01,1.797726902974349943e-16,1.395082150705456248e-13,-8.229607059455863395e-14,-1.000000000000000000e+00
-8.686315144383922604e-01,4.954586684320551049e-01,-1.263110908648870906e-13,4.954586684320551049e-01,8.686315144383923714e-01,5.708568882521333306e-17,1.097460777477041311e-13,-6.253233845978027843e-14,-1.000000000000000000e+00
-8.763066800438393811e-01,4.817536741017593438e-01,1.251607166308062147e-13,4.817536741017593438e-01,8.763066800438393811e-01,1.064034049551610147e-16,-1.096279118313754589e-13,6.038987710464169109e-14,-1.000000000000000000e+00
-8.837656300886129745e-01,4.679298142607252742e-01,1.417261055959262337e-13,4.679298142607252742e-01,8.837656300886129745e-01,6.741888935473471484e-17,-1.252211137036156273e-13,6.637745276462817884e-14,-1.000000000000000000e+00
-8.910065241884068676e-01,4.539904997394703656e-01,-1.104359264363026299e-13,4.539904997394703101e-01,8.910065241884068676e-01,2.165633288534079598e-16,9.849744865342800472e-14,-4.994390209310006173e-14,-1.000000000000000000e+00
-8.980275757606279718e-01,4.399391698558899333e-01,5.360743929521326950e-14,4.399391698558899888e-01,8.980275757606279718e-01,2.479925674576055735e-16,-4.803185710875767029e-14,2.380671650579674821e-14,-1.000000000000000000e+00
-9.048270524660925185e-01,4.257792915649175058e-01,2.944958038635663478e-14,4.257792915649175058e-01,9.048270524660925185e-01,1.161307972270487823e-16,-2.659733092877812473e-14,1.264409976074250482e-14,-1.000000000000000000e+00
-9.114032766354290827e-01,4.115143586051448477e-01,4.601496916182387412e-16,4.115143586051447921e-01,9.114032766354289716e-01,4.555642616660409377e-17,-4.006348131893522504e-16,2.308784812886776470e-16,-1.000000000000000000e+00
-9.177546256840485306e-01,3.971478906346249671e-01,-4.785556812634536388e-14,3.971478906346249671e-01,9.177546256840485306e-01,7.538730313033760433e-18,4.392266300353345702e-14,-1.899881923188308108e-14,-1.000000000000000000e+00
-9.238795325112998391e-01,3.826834323650580849e-01,-2.135094577846874212e-13,3.826834323650580849e-01,9.238795325112998391e-01,4.602746216654277003e-17,1.972746319920631007e-13,-8.166400831721755526e-14,-1.000000000000000000e+00
-9.297764858882326955e-01,3.681245526847252703e-01,1.951034700441269257e-13,3.681245526847252703e-01,9.297764858882326955e-01,1.872745052608189477e-16,-1.813336784187500145e-13,7.199650106862977673e-14,-1.000000000000000000e+00
-9.354440308297864437e-01,3.534748437794710263e-01,1.444870037583067587e-13,3.534748437794710818e-01,9.354440308297864437e-01,7.226519814972857383e-17,-1.351339612685623191e-13,5.114012112987722702e-14,-1.000000000000000000e+00
-9.408807689542004749e-01,3.387379202453607574e-01,4.417437057764821146e-14,3.387379202453608129e-01,9.408807689542004749e-01,1.716803165009136077e-16,-4.150466112380687236e-14,1.512506512582409336e-14,-1.000000000000000000e+00
-9.460853588276385562e-01,3.239174181978773381e-01,-1.263110908647575155e-13,3.239174181978772826e-01,9.460853588276384452e-01,5.710305375733175793e-17,1.195195703984388443e-13,-4.086033807956557548e-14,-1.000000000000000000e+00
-9.510565162951535312e-01,3.090169943749478954e-01,-1.619726921091126762e-13,3.090169943749478954e-01,9.510565162951534202e-01,1.795455123637502845e-16,1.541006669068243513e-13,-4.988155655687174542e-14,-1.000000000000000000e+00
-9.557930147982773850e-01,2.940403252324753081e-01,1.801486050031424808e-13,2.940403252324753081e-01,9.557930147982773850e-01,5.880082215021452761e-17,-1.721674884747886059e-13,5.302715582037631818e-14,-1.000000000000000000e+00
-9.602936856769456186e-01,2.789911060392206155e-01,-1.472479019541892533e-14,2.789911060392205600e-01,9.602936856769455076e-01,4.533058368550968575e-19,1.414024951587538815e-14,-4.107650196082584155e-15,-1.000000000000000000e+00
-9.645574184577411225e-01,2.638730499655816408e-01,1.283817644858557861e-13,2.638730499655815853e-01,9.645574184577410115e-01,1.252449240702562192e-16,-1.237985345694196039e-13,3.399729367548188595e-14,-1.000000000000000000e+00
-9.685831611286247478e-01,2.486898871648796638e-01,2.944958038687525087e-14,2.486898871648796638e-01,9.685831611286247478e-01,1.158368276549707922e-16,-2.849556021743212471e-14,7.436010424170223081e-15,-1.000000000000000000e+00
-9.723699203976349237e-01,2.334453638560788635e-01,5.360743929545132879e-14,2.334453638560788635e-01,9.723699203976349237e-01,2.476151187959820215e-16,-5.206845687893546633e-14,1.275518166507219775e-14,-1.000000000000000000e+00
-9.759167619387826287e-01,2.181432413963850236e-01,-6.994275341650698958e-14,2.181432413963849959e-01,9.759167619387826287e-01,-2.005046411013494981e-17,6.825393156208774725e-14,-1.527710652647464776e-14,-1.000000000000000000e+00
-9.792228106217979455e-01,2.027872953563573111e-01,-2.135094577848157341e-13,2.027872953563573111e-01,9.792228106217978345e-01,4.625345965411236120e-17,2.090827109603674782e-13,-4.325171303442164854e-14,-1.000000000000000000e+00
-9.822872507287216948e-01,1.873813145855518780e-01,-4.785556812690239434e-14,1.873813145855518780e-01,9.822872507287216948e-01,7.879286368994817583e-18,4.700939087847381515e-14,-8.959499543312302918e-15,-1.000000000000000000e+00
-9.851093261547491098e-01,1.719291002795511059e-01,1.067547288934017939e-13,1.719291002795511059e-01,9.851093261547492208e-01,1.814811755390507969e-16,-1.051338771487838921e-13,1.853302328777501560e-14,-1.000000000000000000e+00
-9.876883405951034645e-01,1.564344650404476400e-01,1.951034700442930282e-13,1.564344650404476400e-01,9.876883405951034645e-01,1.871140965635211059e-16,-1.926721514787967648e-13,3.070571737545075315e-14,-1.000000000000000000e+00
-9.900236577165427709e-01,1.409012319376861944e-01,1.449471534516943375e-13,1.409012319376861666e-01,9.900236577165427709e-01,7.236992753302501474e-17,-1.434909140239028156e-13,2.049488042756950039e-14,-1.000000000000000000e+00
-9.921147013144646643e-01,1.253332335644084250e-01,-1.619726921086792444e-13,1.253332335644084250e-01,9.921147013144646643e-01,1.793807333291784365e-16,1.607179714198493572e-13,-2.012259498844466148e-14,-1.000000000000000000e+00
-9.939609554552006898e-01,1.097343110908550190e-01,-1.263110908645050547e-13,1.097343110908550468e-01,9.939609554552006898e-01,5.713544851843388334e-17,1.255545622793541544e-13,-1.380387013415111308e-14,-1.000000000000000000e+00
-9.955619646030646752e-01,9.410831331867543226e-02,6.626155586113924828e-14,9.410831331867543226e-02,9.955619646030646752e-01,1.753042401688499670e-16,-6.595098714441162074e-14,6.410289493708755761e-15,-1.000000000000000000e+00
-9.969173337331292961e-01,7.845909572782906738e-02,1.417261055947648285e-13,7.845909572782905350e-02,9.969173337331291851e-01,6.775194335821024600e-17,-1.412838955537031774e-13,1.118724517271996695e-14,-1.000000000000000000e+00
-9.980267284282668960e-01,6.279051952938823067e-02,-1.472479019653292946e-14,6.279051952938823067e-02,9.980267284282667850e-01,8.024896566943918290e-19,1.469578457538083907e-14,-9.237763202748772677e-16,-1.000000000000000000e+00
-9.988898749619612438e-01,4.710645070982519278e-02,5.360743929655301407e-14,4.710645070982518584e-02,9.988898749619613548e-01,2.473243287675999830e-16,-5.353627776466235047e-14,2.772305964740739498e-15,-1.000000000000000000e+00
-9.995065603657296016e-01,3.141075907818684232e-02,2.944958038767309848e-14,3.141075907818684232e-02,9.995065603657297126e-01,1.155332119269484276e-16,-2.943141981161182795e-14,1.040509877772005199e-15,-1.000000000000000000e+00
-9.998766324816592554e-01,1.570731731190207203e-02,-4.095332272171753925e-14,1.570731731190207550e-02,9.998766324816592554e-01,1.550382806411805378e-16,4.095070564739508265e-14,-4.882476810134966599e-16,-1.000000000000000000e+00
-1.000000000000000000e+00,-4.992885884599712762e-14,-9.202993869782688556e-14,-4.992885884599716549e-14,1.000000000000000000e+00,1.803518733270855746e-16,9.202993869782687293e-14,1.803518733316805168e-16,-1.000000000000000000e+00
-9.998766324816602546e-01,-1.570731731184229693e-02,1.235501927037314079e-13,-1.570731731184229693e-02,9.998766324816602546e-01,1.872115891103477901e-16,-1.235378912149017442e-13,-1.753453587455577536e-15,-1.000000000000000000e+00
-9.995065603657345976e-01,-3.141075907803279194e-02,-4.785556812767338281e-14,-3.141075907803279194e-02,9.995065603657345976e-01,-1.434839182323275778e-17,4.783240498751761316e-14,1.488838409242714279e-15,-1.000000000000000000e+00
-9.988898749619703477e-01,-4.710645070963487974e-02,1.796884553120554476e-13,-4.710645070963487974e-02,9.988898749619703477e-01,2.219895728731267089e-16,-1.794994357996412633e-13,-8.242742226557671234e-15,-1.000000000000000000e+00
-9.980267284282696716e-01,-6.279051952934408543e-02,5.521796321817705707e-14,-6.279051952934408543e-02,9.980267284282695606e-01,1.193665993600936606e-16,-5.511649827189805344e-14,-3.348033541178588018e-15,-1.000000000000000000e+00
-9.969173337331033169e-01,-7.845909572815779054e-02,-1.944132455047909237e-13,-7.845909572815779054e-02,9.969173337331033169e-01,4.212861150196727959e-17,1.938106289782726913e-13,1.529548618293465750e-14,-1.000000000000000000e+00
-9.955619646030815506e-01,-9.410831331849708881e-02,5.521796321817657744e-14,-9.410831331849710268e-02,9.955619646030815506e-01,1.193829858434737055e-16,-5.498413887430523434e-14,-5.077616223418900041e-15,-1.000000000000000000e+00
-9.939609554551563919e-01,-1.097343110912561703e-01,-1.944132455047891062e-13,-1.097343110912561703e-01,9.939609554551563919e-01,4.215340548117639735e-17,1.932345495801674203e-13,2.137570240167104740e-14,-1.000000000000000000e+00
-9.921147013144759885e-01,-1.253332335643186357e-01,5.521796321807896695e-14,-1.253332335643186357e-01,9.921147013144759885e-01,1.193990308034060505e-16,-5.479751775191318122e-14,-6.802188347174688849e-15,-1.000000000000000000e+00
-9.900236577165626439e-01,-1.409012319375470557e-01,1.541501473251309818e-14,-1.409012319375470557e-01,9.900236577165626439e-01,9.372835781142296712e-17,-1.527443571032043110e-14,-2.079201274514301210e-15,-1.000000000000000000e+00
-9.876883405951007999e-01,-1.564344650404636827e-01,-1.766974823012372079e-13,-1.564344650404636550e-01,9.876883405951007999e-01,1.658977108356614954e-16,1.744960909617951931e-13,2.780543135251464327e-14,-1.000000000000000000e+00
-9.851093261547752000e-01,-1.719291002794020307e-01,1.541501473252945600e-14,-1.719291002794020307e-01,9.851093261547752000e-01,9.373314043583402503e-17,-1.520159023032952310e-14,-2.557952222944401316e-15,-1.000000000000000000e+00
-9.822872507286635191e-01,-1.873813145858564955e-01,-1.766974823013766785e-13,-1.873813145858564400e-01,9.822872507286634081e-01,1.658888850285325302e-16,1.735365996231441485e-13,3.327275705444419036e-14,-1.000000000000000000e+00
-9.792228106217865102e-01,-2.027872953564122116e-01,1.541501473252214799e-14,-2.027872953564122394e-01,9.792228106217865102e-01,9.373797334055124127e-17,-1.511374292224251028e-14,-3.034178783770890569e-15,-1.000000000000000000e+00
-9.759167619387912884e-01,-2.181432413963466099e-01,7.362395096139480842e-14,-2.181432413963466099e-01,9.759167619387911774e-01,7.604276471367841744e-17,-7.186743603856416120e-14,-1.598635589841608686e-14,-1.000000000000000000e+00
-9.723699203976465810e-01,-2.334453638560307909e-01,-3.451122700907216808e-14,-2.334453638560307631e-01,9.723699203976464700e-01,2.553188049843829636e-16,3.349807606830774517e-14,8.304750272329614971e-15,-1.000000000000000000e+00
-9.685831611286647158e-01,-2.486898871647242326e-01,7.362395096123022049e-14,-2.486898871647242049e-01,9.685831611286646048e-01,7.603034867713089545e-17,-7.132982713564377143e-14,-1.823589034170612128e-14,-1.000000000000000000e+00
-9.645574184578095123e-01,-2.638730499653306749e-01,-3.451122700915199450e-14,-2.638730499653306749e-01,9.645574184578096233e-01,2.552934555245391770e-16,3.322069496901364198e-14,9.352827925360759250e-15,-1.000000000000000000e+00
-9.602936856769666019e-01,-2.789911060391483955e-01,7.362395096142670365e-14,-2.789911060391483955e-01,9.602936856769666019e-01,7.601825474795075076e-17,-7.072182363981999497e-14,-2.046742765966982009e-14,-1.000000000000000000e+00
-9.557930147983753066e-01,-2.940403252321567296e-01,-7.431417549954921033e-14,-2.940403252321567851e-01,9.557930147983754177e-01,2.460827602287917932e-16,7.095661158811802480e-14,2.208656851653601054e-14,-1.000000000000000000e+00
-9.510565162951669649e-01,-3.090169943749064285e-01,9.571113624973574316e-14,-3.090169943749063730e-01,9.510565162951668539e-01,2.545956054404154602e-16,-9.110537418109999946e-14,-2.933423284252626204e-14,-1.000000000000000000e+00
-9.460853588276173509e-01,-3.239174181979391220e-01,8.995926507760045140e-14,-3.239174181979390665e-01,9.460853588276172399e-01,2.334426200786882893e-17,-8.511670519388970535e-14,-2.911728722242208615e-14,-1.000000000000000000e+00
-9.408807689542018071e-01,-3.387379202453568161e-01,9.571113624983950677e-14,-3.387379202453568161e-01,9.408807689542018071e-01,2.545767494307589377e-16,-9.013900227087439825e-14,-3.218146486982834823e-14,-1.000000000000000000e+00
-9.354440308299503126e-01,-3.534748437790371511e-01,8.995926507766684193e-14,-3.534748437790371511e-01,9.354440308299504236e-01,2.334449196510196003e-17,-8.416010922540314866e-14,-3.177649970414377313e-14,-1.000000000000000000e+00
-9.297764858882139327e-01,-3.681245526847725658e-01,4.785556812809713365e-14,-3.681245526847725658e-01,9.297764858882140437e-01,2.769994063699569237e-16,-4.459695224689005652e-14,-1.735926207598363619e-14,-1.000000000000000000e+00
-9.238795325112899581e-01,-3.826834323650820657e-01,1.235501927037096732e-13,-3.826834323650821212e-01,9.238795325112899581e-01,1.872065414893265398e-16,-1.142171351186414077e-13,-4.710765552118872501e-14,-1.000000000000000000e+00
-9.177546256840199979e-01,-3.971478906346910809e-01,-4.785556812808229675e-14,-3.971478906346910254e-01,9.177546256840198868e-01,-1.399920071813634055e-17,4.392522876732006385e-14,1.899289010597768506e-14,-1.000000000000000000e+00
-9.114032766354560611e-01,-4.115143586050847291e-01,1.235501927036471197e-13,-4.115143586050847846e-01,9.114032766354561721e-01,1.872053709898942522e-16,-1.126810881572163423e-13,-5.067205871745202532e-14,-1.000000000000000000e+00
-9.048270524660366743e-01,-4.257792915650361887e-01,-4.785556812817158950e-14,-4.257792915650361887e-01,9.048270524660367853e-01,-1.397498139927958061e-17,4.330696291118093091e-14,2.036326495382744443e-14,-1.000000000000000000e+00
-8.980275757606037690e-01,-4.399391698559393382e-01,1.235501927036881405e-13,-4.399391698559393937e-01,8.980275757606038800e-01,1.872040976677355354e-16,-1.110338384537700574e-13,-5.418645477160088266e-14,-1.000000000000000000e+00
-8.910065241883750042e-01,-4.539904997395327046e-01,5.521796321814221466e-14,-4.539904997395327046e-01,8.910065241883751153e-01,1.195530668526503676e-16,-4.925384143632426257e-14,-2.496190815345107764e-14,-1.000000000000000000e+00
-8.837656300886346239e-01,-4.679298142606843069e-01,-1.944132455047816593e-13,-4.679298142606844180e-01,8.837656300886347349e-01,4.242488695190849242e-17,1.717958925416383775e-13,9.100924751581780493e-14,-1.000000000000000000e+00
-8.763066800438449322e-01,-4.817536741017492408e-01,5.521796321821082032e-14,-4.817536741017492408e-01,8.763066800438448212e-01,1.195649947722044103e-16,-4.844547090205892946e-14,-2.649668105317002204e-14,-1.000000000000000000e+00
-8.686315144381442366e-01,-4.954586684324901458e-01,-1.944132455048517607e-13,-4.954586684324901458e-01,8.686315144381441256e-01,4.244520675651948148e-17,1.688524420240931848e-13,9.636059698769820534e-14,-1.000000000000000000e+00
-8.607420270038980137e-01,-5.090414157504483672e-01,5.521796321816701645e-14,-5.090414157504484782e-01,8.607420270038981247e-01,1.195765782064296860e-16,-4.758929101809256004e-14,-2.800530558512433778e-14,-1.000000000000000000e+00
-8.526401643540634234e-01,-5.224985647159957614e-01,7.454425034725714669e-14,-5.224985647159958724e-01,8.526401643540635344e-01,2.680074623092022595e-16,-6.369945538212552215e-14,-3.872074988756030599e-14,-1.000000000000000000e+00
-8.443279255019675578e-01,-5.358267949790713747e-01,-1.766974823012338000e-13,-5.358267949790713747e-01,8.443279255019676688e-01,1.658138640604704047e-16,1.491017711614787734e-13,9.481924689820294964e-14,-1.000000000000000000e+00
-8.358073613684300351e-01,-5.490228179978884349e-01,1.541501473253264615e-14,-5.490228179978885459e-01,8.358073613684301462e-01,9.379914038004563340e-17,-1.293548065743081965e-14,-8.384796815914368550e-15,-1.000000000000000000e+00
-8.270805742744271605e-01,-5.620833778523287583e-01,-1.766974823010998073e-13,-5.620833778523287583e-01,8.270805742744271605e-01,1.658100691529438038e-16,1.460498560506876270e-13,9.945585599701974780e-14,-1.000000000000000000e+00
-8.181497174250204063e-01,-5.750052520432827885e-01,1.541501473256072329e-14,-5.750052520432828995e-01,8.181497174250205173e-01,9.380440186281182735e-17,-1.266572797128297852e-14,-8.786968386669714402e-15,-1.000000000000000000e+00
-8.090169943749907500e-01,-5.877852522924136291e-01,-2.996959292928243933e-24,-5.877852522924136291e-01,8.090169943749907500e-01,2.298596953103166869e-16,-1.351081365752407995e-16,1.859604015894720370e-16,-1.000000000000000000e+00
-7.996846584871072361e-01,-6.004202253258620336e-01,-3.451122700853665144e-14,-6.004202253258619226e-01,7.996846584871072361e-01,2.550385674757325780e-16,2.744496847014209379e-14,2.092518912647041749e-14,-1.000000000000000000e+00
-7.901550123757804522e-01,-6.129070536528604674e-01,7.362395096158930997e-14,-6.129070536528605784e-01,7.901550123757804522e-01,7.589850072330254289e-17,-5.822085260966342749e-14,-4.506466728137205470e-14,-1.000000000000000000e+00
-7.804304073382842821e-01,-6.252426563357618150e-01,-3.451122700846591901e-14,-6.252426563357619260e-01,7.804304073382843931e-01,2.550214118244539768e-16,2.677416068700944040e-14,2.177691771248986677e-14,-1.000000000000000000e+00
-7.705132427758636382e-01,-6.374239897485997064e-01,7.362395096150263624e-14,-6.374239897485997064e-01,7.705132427758636382e-01,7.589061503628986891e-17,-5.677660369993946733e-14,-4.687119783904839912e-14,-1.000000000000000000e+00
-7.604059656000035083e-01,-6.494480483302155216e-01,-3.451122700914248399e-14,-6.494480483302156326e-01,7.604059656000036194e-01,2.550048867957951208e-16,2.607693047188372077e-14,2.260715626374529248e-14,-1.000000000000000000e+00
-7.501110696304695846e-01,-6.613118653236403910e-01,9.571113624969040575e-14,-6.613118653236405020e-01,7.501110696304696956e-01,2.543806696853458492e-16,-7.196220774297478848e-14,-6.310409628929687555e-14,-1.000000000000000000e+00
-7.396310949787888722e-01,-6.730125135095763600e-01,8.995926507768200068e-14,-6.730125135095763600e-01,7.396310949787888722e-01,2.333229158717403939e-17,-6.655237265710009984e-14,-6.052645381503004351e-14,-1.000000000000000000e+00
-7.289686274214496331e-01,-6.845471059286480919e-01,9.571113624981374573e-14,-6.845471059286480919e-01,7.289686274214495221e-01,2.543668814528999544e-16,-6.994454173351675856e-14,-6.533335584851834669e-14,-1.000000000000000000e+00
-7.181262977634269573e-01,-6.959127965920687275e-01,8.995926507775217775e-14,-6.959127965920686165e-01,7.181262977634269573e-01,2.333011201394485052e-17,-6.461834970330133613e-14,-6.258704977265873348e-14,-1.000000000000000000e+00
-7.071067811865541231e-01,-7.071067811865411334e-01,9.571113624981414962e-14,-7.071067811865410224e-01,7.071067811865540120e-01,2.543534968599925552e-16,-6.785784855976200054e-14,-6.749813839486433586e-14,-1.000000000000000000e+00
-6.959127965923231907e-01,-7.181262977631802658e-01,1.235501927036263443e-13,-7.181262977631802658e-01,6.959127965923231907e-01,1.871841232340375511e-16,-8.611458196531915695e-14,-8.859437864750519582e-14,-1.000000000000000000e+00
-6.845471059286845072e-01,-7.289686274214153272e-01,-4.785556812775897107e-14,-7.289686274214153272e-01,6.845471059286845072e-01,-1.374196491256925617e-17,3.276940812573079175e-14,3.487580079025381667e-14,-1.000000000000000000e+00
-6.730125135098085076e-01,-7.396310949785777078e-01,1.235501927037227746e-13,-7.396310949785778188e-01,6.730125135098085076e-01,1.871817972337174754e-16,-8.328927121380169226e-14,-9.125558862242922113e-14,-1.000000000000000000e+00
-6.613118653235311450e-01,-7.501110696305660630e-01,-4.785556812766849819e-14,-7.501110696305660630e-01,6.613118653235310340e-01,-1.372734004492126503e-17,3.165775205435005687e-14,3.588791334317280410e-14,-1.000000000000000000e+00
-6.494480483301526830e-01,-7.604059656000574652e-01,1.235501927036491392e-13,-7.604059656000574652e-01,6.494480483301526830e-01,1.871793988557420971e-16,-8.038176385372653801e-14,-9.382674028761702887e-14,-1.000000000000000000e+00
-6.374239897486362327e-01,-7.705132427758335512e-01,-4.417437057204781652e-14,-7.705132427758335512e-01,6.374239897486362327e-01,2.633844834605692349e-16,2.795486230222142482e-14,3.420482510533523136e-14,-1.000000000000000000e+00
-6.252426563355079070e-01,-7.804304073384878970e-01,-1.944132455048705924e-13,-7.804304073384878970e-01,6.252426563355079070e-01,4.265943524861752259e-17,1.215221613258445930e-13,1.517526808799761894e-13,-1.000000000000000000e+00
-6.129070536530768498e-01,-7.901550123756123645e-01,5.521796321802856189e-14,-7.901550123756124755e-01,6.129070536530769608e-01,1.196888462275890671e-16,-3.393805188645805298e-14,-4.355739227180099188e-14,-1.000000000000000000e+00
-6.004202253258045241e-01,-7.996846584871503127e-01,-1.944132455047907218e-13,-7.996846584871503127e-01,6.004202253258045241e-01,4.267469043948992111e-17,1.166955183770572457e-13,1.554949125841264597e-13,-1.000000000000000000e+00
-5.877852522924283951e-01,-8.090169943749799808e-01,5.521796321809903557e-14,-8.090169943749799808e-01,5.877852522924282841e-01,1.196959479728636063e-16,-3.255314049729223512e-14,-4.460191512523706738e-14,-1.000000000000000000e+00
-5.750052520431194747e-01,-8.181497174251353144e-01,-1.946433203515977537e-13,-8.181497174251353144e-01,5.750052520431194747e-01,4.258200058884087509e-17,1.118860930255309531e-13,1.592718624183308604e-13,-1.000000000000000000e+00
-5.620833778518460333e-01,-8.270805742747551204e-01,-1.766974823010955411e-13,-8.270805742747551204e-01,5.620833778518460333e-01,1.657923139511510068e-16,9.918159410748352593e-14,1.462362442383410425e-13,-1.000000000000000000e+00
-5.490228179981498924e-01,-8.358073613682582836e-01,1.541501473252631949e-14,-8.358073613682583947e-01,5.490228179981498924e-01,9.386821837929495582e-17,-8.541650575854534523e-15,-1.283244699527058663e-14,-1.000000000000000000e+00
-5.358267949789274898e-01,-8.443279255020589291e-01,-1.766974823012954448e-13,-8.443279255020589291e-01,5.358267949789274898e-01,1.657930282559978476e-16,9.453926193873880455e-14,1.492794550198498351e-13,-1.000000000000000000e+00
-5.224985647160613755e-01,-8.526401643540232334e-01,1.541501473254404992e-14,-8.526401643540233444e-01,5.224985647160613755e-01,9.387349270926207866e-17,-8.134363383083317370e-15,-1.309441192987057648e-14,-1.000000000000000000e+00
-5.090414157502074488e-01,-8.607420270040404553e-01,-1.766974823012491734e-13,-8.607420270040404553e-01,5.090414157502075598e-01,1.657939887176624219e-16,8.980363069621120766e-14,1.521753450892274765e-13,-1.000000000000000000e+00
-4.954586684324437940e-01,-8.686315144381705489e-01,-3.451122700907192196e-14,-8.686315144381705489e-01,4.954586684324437940e-01,2.548648678962786798e-16,1.687750292370673560e-14,3.010381439008774221e-14,-1.000000000000000000e+00
-4.817536741018542679e-01,-8.763066800437870896e-01,7.362395096158784584e-14,-8.763066800437872006e-01,4.817536741018543234e-01,7.582144334252266692e-17,-3.553505171493131026e-14,-6.448063277994967365e-14,-1.000000000000000000e+00
-4.679298142605516353e-01,-8.837656300887049010e-01,-3.451122700854915961e-14,-8.837656300887050120e-01,4.679298142605516353e-01,2.548559053392653222e-16,1.592359915425015891e-14,3.061909095879338928e-14,-1.000000000000000000e+00
-4.539904997396814190e-01,-8.910065241882992870e-01,7.362395096137656996e-14,-8.910065241882993980e-01,4.539904997396813635e-01,7.581777249618559782e-17,-3.349212841970867333e-14,-6.556500009468124045e-14,-1.000000000000000000e+00
-4.399391698557559294e-01,-8.980275757606936970e-01,-3.451122700914505883e-14,-8.980275757606936970e-01,4.399391698557559294e-01,2.548475723547029963e-16,1.495398041351662832e-14,3.110415095697099993e-14,-1.000000000000000000e+00
-4.257792915650698284e-01,-9.048270524660209091e-01,-8.098634605916466155e-14,-9.048270524660209091e-01,4.257792915650697729e-01,1.086826890313116021e-16,3.438397001434442511e-14,7.332491163304824476e-14,-1.000000000000000000e+00
-4.115143586052928404e-01,-9.114032766353621362e-01,8.995926507762465996e-14,-9.114032766353621362e-01,4.115143586052928404e-01,2.329264836998094151e-17,-3.704075826506814568e-14,-8.197958369620203602e-14,-1.000000000000000000e+00
-3.971478906348097082e-01,-9.177546256839685945e-01,9.571113624983194632e-14,-9.177546256839685945e-01,3.971478906348097082e-01,2.542252496629235895e-16,-3.824479227072544276e-14,-8.773837300110209204e-14,-1.000000000000000000e+00
-3.826834323652237857e-01,-9.238795325112311163e-01,8.995926507737714696e-14,-9.238795325112312273e-01,3.826834323652237857e-01,2.328866690864315322e-17,-3.444743625556006856e-14,-8.310261157775333100e-14,-1.000000000000000000e+00
-3.681245526846443350e-01,-9.297764858882647809e-01,9.571113624998107259e-14,-9.297764858882646699e-01,3.681245526846443905e-01,2.542172927821937503e-16,-3.546998448009839515e-14,-8.889638029569015968e-14,-1.000000000000000000e+00
-3.534748437794151266e-01,-9.354440308298076490e-01,7.316380126524420958e-14,-9.354440308298076490e-01,3.534748437794150711e-01,1.328244658431052838e-17,-2.587398820791247616e-14,-6.843594615565963126e-14,-1.000000000000000000e+00
-3.387379202453089655e-01,-9.408807689542192376e-01,-4.785556812827624925e-14,-9.408807689542191266e-01,3.387379202453089100e-01,-1.360824011118168799e-17,1.622329935134990833e-14,4.502177411232011363e-14,-1.000000000000000000e+00
-3.239174181980273293e-01,-9.460853588275870418e-01,1.235501927036439895e-13,-9.460853588275871529e-01,3.239174181980273848e-01,1.871459718284285901e-16,-4.019711550234356090e-14,-1.168284085572237541e-13,-1.000000000000000000e+00
-3.090169943749366266e-01,-9.510565162951569729e-01,-4.785556812850306885e-14,-9.510565162951570839e-01,3.090169943749366821e-01,-1.360299907466598172e-17,1.480112104808615324e-14,4.550914635173114955e-14,-1.000000000000000000e+00
-2.940403252320871186e-01,-9.557930147983967339e-01,1.235501927035779524e-13,-9.557930147983967339e-01,2.940403252320871186e-01,1.871428453686533382e-16,-3.650760866941995714e-14,-1.180333836199586223e-13,-1.000000000000000000e+00
-2.789911060391923603e-01,-9.602936856769537233e-01,-5.153676567648358847e-14,-9.602936856769538343e-01,2.789911060391923603e-01,-1.539574661608028910e-17,1.439308369602654795e-14,4.948613538296323051e-14,-1.000000000000000000e+00
-2.638730499653739181e-01,-9.645574184577977439e-01,-1.944132455052293789e-13,-9.645574184577977439e-01,2.638730499653739181e-01,4.282468265314151815e-17,5.125910917978572028e-14,1.875340384781515937e-13,-1.000000000000000000e+00
-2.486898871648924314e-01,-9.685831611286215281e-01,5.521796321793892836e-14,-9.685831611286214171e-01,2.486898871648924314e-01,1.197544666190943189e-16,-1.384814120198160678e-14,-5.345340763992423840e-14,-1.000000000000000000e+00
-2.334453638558121880e-01,-9.723699203976989835e-01,-1.944132455047908732e-13,-9.723699203976989835e-01,2.334453638558121880e-01,4.283429943516750005e-17,4.534322005092318027e-14,1.890515915243689550e-13,-1.000000000000000000e+00
-2.181432413965350148e-01,-9.759167619387489889e-01,5.521796321799237527e-14,-9.759167619387490999e-01,2.181432413965350703e-01,1.197570970293107605e-16,-1.216229843803953543e-14,-5.386201166322985949e-14,-1.000000000000000000e+00
-2.027872953563576441e-01,-9.792228106217978345e-01,-1.944132455049976684e-13,-9.792228106217978345e-01,2.027872953563576441e-01,4.284345927738515876e-17,3.938258294479967324e-14,1.903825727947400107e-13,-1.000000000000000000e+00
-1.873813145855151019e-01,-9.822872507287285782e-01,-4.785556812095589142e-14,-9.822872507287286892e-01,1.873813145855151019e-01,9.316819273134836090e-17,8.875721336847943299e-15,4.702537242002671351e-14,-1.000000000000000000e+00
-1.719291002795232670e-01,-9.851093261547541058e-01,1.541501473251617158e-14,-9.851093261547541058e-01,1.719291002795232670e-01,9.393496603834103679e-17,-2.742825824853501433e-15,-1.516932462161885469e-14,-1.000000000000000000e+00
-1.564344650400186221e-01,-9.876883405951712991e-01,-1.766974823011294937e-13,-9.876883405951712991e-01,1.564344650400185943e-01,1.658308161098917958e-16,2.747778695411222708e-14,1.745479847363525643e-13,-1.000000000000000000e+00
-1.409012319377986044e-01,-9.900236577165267837e-01,1.541501473253487389e-14,-9.900236577165267837e-01,1.409012319377986322e-01,9.393983697311886087e-17,-2.264997227158900914e-15,-1.524799303050077654e-14,-1.000000000000000000e+00
-1.253332335642301232e-01,-9.921147013144870908e-01,-1.766974823011122271e-13,-9.921147013144872018e-01,1.253332335642301509e-01,1.658357765250641324e-16,2.198153870756230351e-14,1.753249546103023866e-13,-1.000000000000000000e+00
-1.097343110910023595e-01,-9.939609554551844806e-01,2.139696074726675667e-14,-9.939609554551843695e-01,1.097343110910023456e-01,1.080484204857981237e-16,-2.455376658304023486e-15,-2.125588692920386236e-14,-1.000000000000000000e+00
-9.410831331869544403e-02,-9.955619646030628989e-01,7.362395096142404045e-14,-9.955619646030628989e-01,9.410831331869543015e-02,7.579901928976005213e-17,-7.004088465397060579e-15,-7.329007194313830857e-14,-1.000000000000000000e+00
-7.845909572788239972e-02,-9.969173337331250773e-01,-3.451122700914393549e-14,-9.969173337331249662e-01,7.845909572788238584e-02,2.547967759585302995e-16,2.453708341064729598e-15,3.442483153845046679e-14,-1.000000000000000000e+00
-6.279051952941554215e-02,-9.980267284282652307e-01,7.362395096122837771e-14,-9.980267284282651197e-01,6.279051952941554215e-02,7.579952943184438501e-17,-4.698536087039008163e-15,-7.347391141996466627e-14,-1.000000000000000000e+00
-4.710645070965624459e-02,-9.988898749619694595e-01,-3.451122700933297181e-14,-9.988898749619693485e-01,4.710645070965623765e-02,2.547966111517831072e-16,1.371187658990762250e-15,3.448491779614095544e-14,-1.000000000000000000e+00
-3.141075907832058950e-02,-9.995065603657254938e-01,4.417437057745869551e-14,-9.995065603657254938e-01,3.141075907832058950e-02,4.921171939946011862e-17,-1.436737948031646227e-15,-4.415102741473476480e-14,-1.000000000000000000e+00
-1.570731731207072185e-02,-9.998766324816567019e-01,8.995926507772371565e-14,-9.998766324816567019e-01,1.570731731207072185e-02,2.323319590280123944e-17,-1.436249051417568247e-15,-8.994780209525886941e-14,-1.000000000000000000e+00
-7.153464702835070352e-14,-1.000000000000000000e+00,1.251607166316830241e-13,-1.000000000000000000e+00,7.153464702835071614e-14,1.171000014944885734e-16,-1.171000015034418981e-16,-1.251607166316830241e-13,-1.000000000000000000e+00
1.570731731174977025e-02,-9.998766324816616979e-01,1.944132455070930092e-13,-9.998766324816616979e-01,-1.570731731174977025e-02,3.307998849635344532e-16,2.722951461784360310e-15,-1.943944572062225201e-13,-1.000000000000000000e+00
3.141075907810959855e-02,-9.995065603657321551e-01,-5.521796321503201379e-14,-9.995065603657321551e-01,-3.141075907810959161e-02,2.112106921527441277e-16,-1.945544611757343086e-15,5.518408219529223743e-14,-1.000000000000000000e+00
4.710645070965134573e-02,-9.988898749619696815e-01,1.944132455067665848e-13,-9.988898749619695705e-01,-4.710645070965134573e-02,3.307973612841841563e-16,8.827687831916936804e-15,-1.942130051847989297e-13,-1.000000000000000000e+00
6.279051952941294701e-02,-9.980267284282652307e-01,-5.521796321574208958e-14,-9.980267284282653417e-01,-6.279051952941294701e-02,2.112158839752899332e-16,-3.677963695348402428e-15,5.509574082359170898e-14,-1.000000000000000000e+00
7.845909572764443729e-02,-9.969173337331437290e-01,1.944132455068824022e-13,-9.969173337331437290e-01,-7.845909572764443729e-02,3.307957665128101881e-16,1.492371140638436354e-14,-1.938398882898394166e-13,-1.000000000000000000e+00
9.410831331837192504e-02,-9.955619646030935410e-01,1.325231117269927798e-13,-9.955619646030935410e-01,-9.410831331837192504e-02,1.230373818853322798e-16,1.234903518270005875e-14,-1.319465483067245172e-13,-1.000000000000000000e+00
1.097343110910546787e-01,-9.939609554551785964e-01,1.235501926992354056e-13,-9.939609554551787074e-01,-1.097343110910547065e-01,4.018787495922612793e-17,1.351775010242546802e-14,-1.228084775707763312e-13,-1.000000000000000000e+00
1.253332335643213280e-01,-9.921147013144757665e-01,-4.785556812893930262e-14,-9.921147013144756555e-01,-1.253332335643213002e-01,1.884579254940453311e-16,-6.184864976119511140e-15,4.745459263928416452e-14,-1.000000000000000000e+00
1.409012319374557676e-01,-9.900236577165755225e-01,1.235501926989804205e-13,-9.900236577165755225e-01,-1.409012319374557953e-01,4.018056587011774804e-17,1.736859464660454548e-14,-1.223232751786634141e-13,-1.000000000000000000e+00
1.564344650402558212e-01,-9.876883405951338846e-01,-4.785556812807830827e-14,-9.876883405951337735e-01,-1.564344650402557935e-01,1.884509957633345287e-16,-7.672391050602434758e-15,4.723690644195049102e-14,-1.000000000000000000e+00
1.719291002792152911e-01,-9.851093261548078406e-01,1.235501926989278635e-13,-9.851093261548078406e-01,-1.719291002792152911e-01,4.017247852174973941e-17,2.120229918680381167e-14,-1.217173538940257080e-13,-1.000000000000000000e+00
1.873813145857589901e-01,-9.822872507286820598e-01,-4.785556812894070995e-14,-9.822872507286821708e-01,-1.873813145857589901e-01,1.884433385646654890e-16,-9.152344755206081103e-15,4.697260368893113510e-14,-1.000000000000000000e+00
2.027872953563959468e-01,-9.792228106217898409e-01,1.235501926989897859e-13,-9.792228106217899519e-01,-2.027872953563959746e-01,4.016361657668735322e-17,2.501508028868071943e-14,-1.209913116187458605e-13,-1.000000000000000000e+00
2.181432413965244677e-01,-9.759167619387514314e-01,-4.785556812893955505e-14,-9.759167619387515424e-01,-2.181432413965244677e-01,1.884349579558812202e-16,-1.062326558452345027e-14,4.666194527661308262e-14,-1.000000000000000000e+00
2.334453638558067756e-01,-9.723699203977003158e-01,1.235501926984145864e-13,-9.723699203977003158e-01,-2.334453638558067756e-01,4.015398339261381505e-17,2.880317516330131076e-14,-1.201458648005412573e-13,-1.000000000000000000e+00
2.486898871648353104e-01,-9.685831611286361831e-01,-4.785556812938974220e-14,-9.685831611286360721e-01,-2.486898871648353104e-01,1.884258565405994400e-16,-1.208370195007348865e-14,4.630523785136910698e-14,-1.000000000000000000e+00
2.638730499655233541e-01,-9.645574184577568877e-01,-1.037637558817451403e-13,-9.645574184577568877e-01,-2.638730499655233541e-01,1.635047378828081691e-16,-2.753816844827196098e-14,1.000429560089080382e-13,-1.000000000000000000e+00
2.789911060391156439e-01,-9.602936856769761498e-01,-4.785556811744289817e-14,-9.602936856769761498e-01,-2.789911060391155884e-01,3.417368560559225976e-16,-1.367944562424923422e-14,4.586005834421946421e-14,-1.000000000000000000e+00
2.940403252326112549e-01,-9.557930147982356406e-01,-2.135094577821443608e-13,-9.557930147982355296e-01,-2.940403252326112549e-01,9.978386694765348316e-17,-6.287576312951833116e-14,2.040415078608420970e-13,-1.000000000000000000e+00
3.090169943749644377e-01,-9.510565162951478690e-01,-4.785556811746307408e-14,-9.510565162951479801e-01,-3.090169943749644377e-01,3.417524142307876386e-16,-1.511320968427860579e-14,4.540774259525361490e-14,-1.000000000000000000e+00
3.239174181985303713e-01,-9.460853588274148462e-01,-2.135094577818574426e-13,-9.460853588274149573e-01,-3.239174181985303158e-01,9.979340896652331733e-17,-6.925384540879807441e-14,2.019658471552097523e-13,-1.000000000000000000e+00
3.387379202451857862e-01,-9.408807689542635355e-01,-4.785556811798511067e-14,-9.408807689542635355e-01,-3.387379202451858418e-01,3.417687402246092200e-16,-1.653205925154515764e-14,4.491061369732446899e-14,-1.000000000000000000e+00
3.534748437793305276e-01,-9.354440308298396234e-01,-2.135094577819976200e-13,-9.354440308298396234e-01,-3.534748437793305276e-01,9.980279320624848696e-17,-7.556358216206610313e-14,1.996908700311480027e-13,-1.000000000000000000e+00
3.681245526847772287e-01,-9.297764858882119343e-01,-4.785556811771242985e-14,-9.297764858882120453e-01,-3.681245526847772842e-01,3.417858294903565499e-16,-1.793459403427871240e-14,4.436916219907549657e-14,-1.000000000000000000e+00
3.826834323653274250e-01,-9.238795325111882617e-01,-2.135094577818745325e-13,-9.238795325111882617e-01,-3.826834323653274250e-01,9.981201285897207572e-17,-8.179874642220687708e-14,1.972188216385634104e-13,-1.000000000000000000e+00
3.971478906348002158e-01,-9.177546256839727024e-01,-4.785556811745026929e-14,-9.177546256839725913e-01,-3.971478906348002713e-01,3.418036767519165781e-16,-1.931942983839023315e-14,4.378392239529118639e-14,-1.000000000000000000e+00
4.115143586051056568e-01,-9.114032766354466242e-01,-2.319154455230906534e-13,-9.114032766354467352e-01,-4.115143586051056568e-01,5.658430206667551363e-17,-9.548810693336167435e-14,2.113452116993421948e-13,-1.000000000000000000e+00
4.257792915648717647e-01,-9.048270524661140568e-01,2.724086185500578724e-13,-9.048270524661140568e-01,-4.257792915648717647e-01,1.910807350170164265e-16,1.158130536041605093e-13,-2.465640456090021173e-13,-1.000000000000000000e+00
4.399391698557550967e-01,-8.980275757606940301e-01,7.454425034687632251e-14,-8.980275757606940301e-01,-4.399391698557550967e-01,2.192650400499174831e-16,3.259802956275924866e-14,-6.703925570560157096e-14,-1.000000000000000000e+00
4.539904997393376940e-01,-8.910065241884744802e-01,2.724086185501090159e-13,-8.910065241884744802e-01,-4.539904997393376940e-01,1.910749019864452364e-16,1.235006758845879919e-13,-2.428046025635570834e-13,-1.000000000000000000e+00
4.679298142605000654e-01,-8.837656300887322125e-01,7.454425034684987989e-14,-8.837656300887322125e-01,-4.679298142605001209e-01,2.192617689249121211e-16,3.468770120362138803e-14,-6.598224549608344097e-14,-1.000000000000000000e+00
4.817536741014341595e-01,-8.763066800440181270e-01,2.724086185502132717e-13,-8.763066800440181270e-01,-4.817536741014342150e-01,1.910692143043556176e-16,1.310664176146156914e-13,-2.388055404331135050e-13,-1.000000000000000000e+00
4.954586684322923595e-01,-8.686315144382568132e-01,7.454425034689235217e-14,-8.686315144382569242e-01,-4.954586684322924151e-01,2.192588912206817523e-16,3.674313983341966878e-14,-6.486011878977181087e-14,-1.000000000000000000e+00
5.090414157502405335e-01,-8.607420270040209154e-01,2.724086185502583567e-13,-8.607420270040209154e-01,-5.090414157502406445e-01,1.910636771032400618e-16,1.385028123126741091e-13,-2.345708058290055993e-13,-1.000000000000000000e+00
5.224985647159930968e-01,-8.526401643540650888e-01,7.454425034686102492e-14,-8.526401643540650888e-01,-5.224985647159932078e-01,2.192564130783680821e-16,3.876231698998174070e-14,-6.367398302853638452e-14,-1.000000000000000000e+00
5.358267949788093620e-01,-8.443279255021338692e-01,2.724086185502658793e-13,-8.443279255021338692e-01,-5.358267949788093620e-01,1.910582958228451107e-16,1.458025211478319167e-13,-2.301045779437530009e-13,-1.000000000000000000e+00
5.490228179980574108e-01,-8.358073613683190128e-01,7.454425034687673903e-14,-8.358073613683191239e-01,-5.490228179980575218e-01,2.192543401246861177e-16,4.074323999950678106e-14,-6.242500882327602385e-14,-1.000000000000000000e+00
5.620833778522870139e-01,-8.270805742744555822e-01,-1.288419141807335421e-13,-8.270805742744555822e-01,-5.620833778522870139e-01,8.456654236972973410e-17,-7.248984167608874466e-14,1.065151109234327566e-13,-1.000000000000000000e+00
5.750052520434449921e-01,-8.181497174249064974e-01,-1.789982307713799725e-13,-8.181497174249064974e-01,-5.750052520434449921e-01,2.451320128735241930e-16,-1.031254774870923502e-13,1.463063997303164531e-13,-1.000000000000000000e+00
5.877852522925550716e-01,-8.090169943748878323e-01,-1.214795190899757284e-13,-8.090169943748879433e-01,-5.877852522925551826e-01,2.440959188036842324e-18,-7.140584455414535112e-14,9.827756065246681314e-14,-1.000000000000000000e+00
6.004202253259689481e-01,-7.996846584870267449e-01,-1.789982307713035855e-13,-7.996846584870268559e-01,-6.004202253259689481e-01,2.451339951251561570e-16,-1.076701879478311149e-13,1.429949556355438090e-13,-1.000000000000000000e+00
6.129070536530492053e-01,-7.901550123756339028e-01,-1.214795190904083271e-13,-7.901550123756339028e-01,-6.129070536530492053e-01,2.424092766684077795e-18,-7.445756953394158412e-14,9.598616516671223993e-14,-1.000000000000000000e+00
6.252426563358336464e-01,-7.804304073382267726e-01,-1.789982307713822696e-13,-7.804304073382268836e-01,-6.252426563358336464e-01,2.451355246425519804e-16,-1.121086405042634619e-13,1.395423929671420336e-13,-1.000000000000000000e+00
6.374239897487820050e-01,-7.705132427757129809e-01,-1.214795190903956548e-13,-7.705132427757129809e-01,-6.374239897487820050e-01,2.406211634666023084e-18,-7.743581374929273932e-14,9.360004440815451662e-14,-1.000000000000000000e+00
6.494480483303355367e-01,-7.604059655999012568e-01,-1.789982307713410722e-13,-7.604059655999012568e-01,-6.494480483303355367e-01,2.451365954215439937e-16,-1.164364549585758612e-13,1.359521190268847025e-13,-1.000000000000000000e+00
6.613118653238062583e-01,-7.501110696303233683e-01,-1.214795190901940093e-13,-7.501110696303233683e-01,-6.613118653238063693e-01,2.387314702824460531e-18,-8.033763811936042071e-14,9.112155324338346737e-14,-1.000000000000000000e+00
6.730125135098852240e-01,-7.396310949785078748e-01,-1.789982307713865610e-13,-7.396310949785078748e-01,-6.730125135098853351e-01,2.451372027696149932e-16,-1.206493603029778306e-13,1.322276770196655233e-13,-1.000000000000000000e+00
6.845471059287692173e-01,-7.289686274213359463e-01,-8.834874116040586868e-14,-7.289686274213360573e-01,-6.845471059287692173e-01,-2.898028429121832142e-17,-6.045774935574370102e-14,6.442329894784449046e-14,-1.000000000000000000e+00
6.959127965921034775e-01,-7.181262977633930955e-01,1.944132455093196417e-13,-7.181262977633930955e-01,-6.959127965921035885e-01,3.310004938264827906e-16,1.350569652177483966e-13,-1.398436117131054947e-13,-1.000000000000000000e+00
7.071067811865506814e-01,-7.071067811865444641e-01,-5.521796321339874355e-14,-7.071067811865444641e-01,-7.071067811865506814e-01,2.115627219734931872e-16,-3.919459366685749634e-14,3.889539879614966333e-14,-1.000000000000000000e+00
7.181262977629320199e-01,-6.959127965925792081e-01,1.944132455090188143e-13,-6.959127965925793191e-01,-7.181262977629321309e-01,3.310209495339868094e-16,1.393829025187467553e-13,-1.355323802257918120e-13,-1.000000000000000000e+00
7.289686274213696970e-01,-6.845471059287332460e-01,-5.521796321337610640e-14,-6.845471059287332460e-01,-7.289686274213696970e-01,2.115874876268199036e-16,-4.039700445496413590e-14,3.764505627256101274e-14,-1.000000000000000000e+00
7.396310949784244970e-01,-6.730125135099768174e-01,1.944132455092982351e-13,-6.730125135099768174e-01,-7.396310949784244970e-01,3.310423920441666501e-16,1.435712859820035421e-13,-1.310873962667569518e-13,-1.000000000000000000e+00
7.501110696304187364e-01,-6.613118653236980116e-01,-5.521796321290525110e-14,-6.613118653236981226e-01,-7.501110696304188474e-01,2.116130391548105765e-16,-4.155954766209576149e-14,3.635756096855355539e-14,-1.000000000000000000e+00
7.604059655999312328e-01,-6.494480483303003426e-01,1.944132455089432351e-13,-6.494480483303004537e-01,-7.604059655999312328e-01,3.310648237062969271e-16,1.476179822730176188e-13,-1.265130465322892878e-13,-1.000000000000000000e+00
7.705132427757557245e-01,-6.374239897487301576e-01,-5.521796321315297236e-14,-6.374239897487301576e-01,-7.705132427757557245e-01,2.116393739029999551e-16,-4.268107590894005934e-14,3.503418347684154709e-14,-1.000000000000000000e+00
7.804304073383292462e-01,-6.252426563357056377e-01,1.944132455085675858e-13,-6.252426563357057487e-01,-7.804304073383293572e-01,3.310882467342731724e-16,1.515189978893483723e-13,-1.218138453838862940e-13,-1.000000000000000000e+00
7.901550123756583277e-01,-6.129070536530177860e-01,-5.521796321315958617e-14,-6.129070536530178970e-01,-7.901550123756583277e-01,2.116664884235610864e-16,-4.376048228982951873e-14,3.367622980491854004e-14,-1.000000000000000000e+00
7.996846584869744534e-01,-6.004202253260385591e-01,1.398855068296669370e-13,-6.004202253260385591e-01,-7.996846584869745644e-01,3.152536313908613027e-16,1.116750090999650026e-13,-8.424219102307130937e-14,-1.000000000000000000e+00
8.090169943749176973e-01,-5.877852522925141043e-01,-4.785556812935161181e-14,-5.877852522925141043e-01,-8.090169943749176973e-01,1.880494494412868177e-16,-3.882650058519545607e-14,2.797666198613168580e-14,-1.000000000000000000e+00
8.181497174249565685e-01,-5.750052520433737158e-01,1.235501926981747979e-13,-5.750052520433737158e-01,-8.181497174249565685e-01,3.972661461285016014e-17,1.010597122317623503e-13,-7.107451201094113683e-14,-1.000000000000000000e+00
8.270805742745704903e-01,-5.620833778521178159e-01,-4.785556812893458207e-14,-5.620833778521179269e-01,-8.270805742745704903e-01,1.880246703296211843e-16,-3.968609631213344907e-14,2.674330783062969785e-14,-1.000000000000000000e+00
8.358073613681756830e-01,-5.490228179982757917e-01,1.235501926986639169e-13,-5.490228179982757917e-01,-8.358073613681756830e-01,3.969944254071656727e-17,1.032423646561832739e-13,-6.786505604596821149e-14,-1.000000000000000000e+00
8.443279255020110785e-01,-5.358267949790027629e-01,-4.785556812873428714e-14,-5.358267949790027629e-01,-8.443279255020110785e-01,1.879992513503364361e-16,-4.050652759816388794e-14,2.548356267443045090e-14,-1.000000000000000000e+00
8.526401643539892605e-01,-5.224985647161169977e-01,1.235501926985241939e-13,-5.224985647161168867e-01,-8.526401643539892605e-01,3.967158123562609568e-17,1.053231282641810776e-13,-6.458862393892347388e-14,-1.000000000000000000e+00
8.607420270039279897e-01,-5.090414157503978521e-01,-4.785556812940054643e-14,-5.090414157503978521e-01,-8.607420270039281007e-01,1.879731962289966937e-16,-4.128698485705633410e-14,2.419866972218511007e-14,-1.000000000000000000e+00
8.686315144381209219e-01,-4.954586684325307244e-01,1.235501926976381958e-13,-4.954586684325307799e-01,-8.686315144381209219e-01,3.964303489278754517e-17,1.072999495067905468e-13,-6.124844914799026728e-14,-1.000000000000000000e+00
8.763066800438701343e-01,-4.817536741017034441e-01,-4.785556812940495143e-14,-4.817536741017034441e-01,-8.763066800438700232e-01,1.879465090037869954e-16,-4.202669795033924954e-14,2.288989699123427584e-14,-1.000000000000000000e+00
8.837656300887035687e-01,-4.679298142605545219e-01,1.235501926986689656e-13,-4.679298142605545219e-01,-8.837656300887034577e-01,3.961380669323789609e-17,1.091708774167117627e-13,-5.784782804217632905e-14,-1.000000000000000000e+00
8.910065241883889930e-01,-4.539904997395052266e-01,1.472479019855399110e-14,-4.539904997395052821e-01,-8.910065241883891041e-01,3.063192987697907391e-16,1.298081808268849923e-14,-6.957847354489591740e-15,-1.000000000000000000e+00
8.980275757606976939e-01,-4.399391698557476582e-01,-2.135094577821377217e-13,-4.399391698557476582e-01,-8.980275757606976939e-01,9.996475237259250106e-17,-1.917813591842477976e-13,9.384140250878979497e-14,-1.000000000000000000e+00
9.048270524660865233e-01,-4.257792915649307175e-01,-4.785556811878393015e-14,-4.257792915649306620e-01,-9.048270524660864123e-01,3.424123168871699578e-16,-4.344680471871659412e-14,2.006608596363599971e-14,-1.000000000000000000e+00
9.114032766356005011e-01,-4.115143586047648183e-01,-2.135094577821383023e-13,-4.115143586047648738e-01,-9.114032766356005011e-01,9.996824838164315812e-17,-1.946343577849449154e-13,8.777109618613322571e-14,-1.000000000000000000e+00
9.177546256839733685e-01,-3.971478906347983284e-01,-4.785556811827177641e-14,-3.971478906347984394e-01,-9.177546256839734795e-01,3.424469360208868207e-16,-4.405567108357345830e-14,1.869145567371707650e-14,-1.000000000000000000e+00
9.238795325113839940e-01,-3.826834323648551361e-01,-2.135094577822149922e-13,-3.826834323648551917e-01,-9.238795325113839940e-01,9.997143163311471285e-17,-1.972952754531875908e-13,8.161417058693545895e-14,-1.000000000000000000e+00
9.297764858882869854e-01,-3.681245526845877691e-01,-4.785556811880776638e-14,-3.681245526845878246e-01,-9.297764858882872074e-01,3.424821925901048713e-16,-4.462105805964230414e-14,1.729837771769718691e-14,-1.000000000000000000e+00
9.354440308298822560e-01,-3.534748437792176734e-01,-2.135094577821822766e-13,-3.534748437792176734e-01,-9.354440308298821449e-01,9.997429699708274881e-17,-1.997614862070801493e-13,7.537670187558004110e-14,-1.000000000000000000e+00
9.408807689542606489e-01,-3.387379202451935023e-01,-4.785556811881350297e-14,-3.387379202451935023e-01,-9.408807689542606489e-01,3.425180811013838244e-16,-4.514240759281091441e-14,1.588822694119166865e-14,-1.000000000000000000e+00
9.460853588276042503e-01,-3.239174181979771472e-01,-2.135094577823188442e-13,-3.239174181979771472e-01,-9.460853588276042503e-01,9.997683778701159789e-17,-2.020305562182479234e-13,6.906484570324656621e-14,-1.000000000000000000e+00
9.510565162951625240e-01,-3.090169943749199732e-01,-9.571113624306359549e-14,-3.090169943749199177e-01,-9.510565162951624130e-01,2.938983355366446766e-16,-9.111751938627905125e-14,2.929685372289955340e-14,-1.000000000000000000e+00
9.557930147983100255e-01,-2.940403252323690042e-01,7.454425034683833097e-14,-2.940403252323690597e-01,-9.557930147983101365e-01,2.193219659197499129e-16,7.118438427269495126e-14,-2.212864201920541613e-14,-1.000000000000000000e+00
9.602936856768528040e-01,-2.789911060395399711e-01,2.724086185502765321e-13,-2.789911060395399711e-01,-9.602936856768528040e-01,1.909886908623524320e-16,2.615389921716802093e-13,-7.618298701791560740e-14,-1.000000000000000000e+00
9.645574184578072918e-01,-2.638730499653397232e-01,7.454425034684027472e-14,-2.638730499653397232e-01,-9.645574184578071808e-01,2.193307105508485802e-16,7.184433421187661853e-14,-1.988177576035801838e-14,-1.000000000000000000e+00
9.685831611285914411e-01,-2.486898871650095044e-01,2.724086185504570234e-13,-2.486898871650095044e-01,-9.685831611285913301e-01,1.909885458695853512e-16,2.638029039543521702e-13,-6.793025689958698566e-14,-1.000000000000000000e+00
9.723699203976245986e-01,-2.334453638561222732e-01,7.454425034690431761e-14,-2.334453638561222732e-01,-9.723699203976244876e-01,2.193399893995399909e-16,7.243338287228636375e-14,-1.761528925364739233e-14,-1.000000000000000000e+00
9.759167619386799331e-01,-2.181432413968445727e-01,2.724086185504244088e-13,-2.181432413968445727e-01,-9.759167619386798220e-01,1.909886815519702491e-16,2.658064740498553241e-13,-5.961048809069331721e-14,-1.000000000000000000e+00
9.792228106217715222e-01,-2.027872953564842096e-01,7.454425034684027472e-14,-2.027872953564842096e-01,-9.792228106217715222e-01,2.193498076770741428e-16,7.295094898609011708e-14,-1.533141924739528965e-14,-1.000000000000000000e+00
9.822872507286489752e-01,-1.873813145859326845e-01,2.724086185506007602e-13,-1.873813145859326845e-01,-9.822872507286489752e-01,1.909891022004995030e-16,2.675477252018169287e-13,-5.123189120866912076e-14,-1.000000000000000000e+00
9.851093261547639868e-01,-1.719291002794658407e-01,7.454425034684611861e-14,-1.719291002794658685e-01,-9.851093261547640978e-01,2.193601704259839005e-16,7.339652183115513040e-14,-1.303241964281405197e-14,-1.000000000000000000e+00
9.876883405951090156e-01,-1.564344650404130288e-01,2.724086185502295791e-13,-1.564344650404130288e-01,-9.876883405951087935e-01,1.909898133994215188e-16,2.690249390303949236e-13,-4.280273492717014406e-14,-1.000000000000000000e+00
9.900236577165911767e-01,-1.409012319373471045e-01,-1.451772282984291224e-13,-1.409012319373470767e-01,-9.900236577165910656e-01,2.357614867971538131e-16,-1.437621096611004797e-13,2.022224086699052726e-14,-1.000000000000000000e+00
9.921147013145042992e-01,-1.253332335640953976e-01,-1.214795190875380598e-13,-1.253332335640953976e-01,-9.921147013145041882e-01,1.669702367952732344e-18,-1.205218260645593035e-13,1.522376440278632721e-14,-1.000000000000000000e+00
9.939609554551795956e-01,-1.097343110910454916e-01,-1.789982307711743638e-13,-1.097343110910455194e-01,-9.939609554551797066e-01,2.450113753001626201e-16,-1.779441386365812628e-13,1.939871579950006627e-14,-1.000000000000000000e+00
9.955619646030883230e-01,-9.410831331842745007e-02,-1.214795190880856429e-13,-9.410831331842742231e-02,-9.955619646030881009e-01,1.626139104652644820e-18,-1.209405417155812655e-13,1.143061372187170335e-14,-1.000000000000000000e+00
9.969173337331321827e-01,-7.845909572779223573e-02,-1.789982307713125974e-13,-7.845909572779223573e-02,-9.969173337331320717e-01,2.449993632568984344e-16,-1.784656613919798475e-13,1.379979521120747862e-14,-1.000000000000000000e+00
9.980267284282768880e-01,-6.279051952922899693e-02,-1.214795190876010172e-13,-6.279051952922899693e-02,-9.980267284282767770e-01,1.581538517050401571e-18,-1.212399063116640254e-13,7.626183697959304132e-15,-1.000000000000000000e+00
9.988898749619740114e-01,-4.710645070955725433e-02,-1.789982307711001982e-13,-4.710645070955724739e-02,-9.988898749619740114e-01,2.449867652402024794e-16,-1.788110608103401194e-13,8.187256535618661279e-15,-1.000000000000000000e+00
9.995065603657364850e-01,-3.141075907797210437e-02,-1.214795190869057594e-13,-3.141075907797210437e-02,-9.995065603657364850e-01,1.535900435742855982e-18,-1.214196245212355579e-13,3.814228764385116728e-15,-1.000000000000000000e+00
9.998766324816628082e-01,-1.570731731168252543e-02,-1.789982307711439453e-13,-1.570731731168252543e-02,-9.998766324816626971e-01,2.449735769023022903e-16,-1.789799960813323282e-13,2.566638653832071390e-15,-1.000000000000000000e+00
1.000000000000000000e+00,2.138279388899872832e-13,-1.214795190872757289e-13,2.138279388899873084e-13,-1.000000000000000000e+00,1.489223659627764881e-18,-1.214795190872757289e-13,-1.489223685603479998e-18,-1.000000000000000000e+00
9.998766324816580342e-01,1.570731731198453732e-02,-2.284643228217690366e-13,1.570731731198454079e-02,-9.998766324816580342e-01,1.669207855002532246e-16,-2.284335158674890032e-13,-3.755461805926383973e-15,-1.000000000000000000e+00
9.995065603657319331e-01,3.141075907811888973e-02,-5.521796321644379082e-14,3.141075907811888279e-02,-9.995065603657318221e-01,2.124542683866461080e-16,-5.518404313502982199e-14,-1.946787574406301182e-15,-1.000000000000000000e+00
9.988898749619774531e-01,4.710645070948463881e-02,1.944132455060393434e-13,4.710645070948463881e-02,-9.988898749619774531e-01,3.319048167008419452e-16,1.942130573523680217e-13,8.826581605847595988e-15,-1.000000000000000000e+00
9.980267284282634543e-01,6.279051952944132708e-02,-5.521796321671272928e-14,6.279051952944134096e-02,-9.980267284282634543e-01,2.124985194272618102e-16,-5.509566028721392979e-14,-3.679243799874815181e-15,-1.000000000000000000e+00
9.969173337331395102e-01,7.845909572769721452e-02,1.944132455057816320e-13,7.845909572769722840e-02,-9.969173337331395102e-01,3.319526150099792114e-16,1.938399790540282832e-13,1.492255812398893314e-14,-1.000000000000000000e+00
9.955619646030935410e-01,9.410831331837238301e-02,-5.521796321742007246e-14,9.410831331837235525e-02,-9.955619646030934300e-01,2.125434781599852548e-16,-5.495290183387960382e-14,-5.408069585947856227e-15,-1.000000000000000000e+00
9.939609554552062409e-01,1.097343110908049757e-01,1.944132455053653154e-13,1.097343110908049618e-01,-9.939609554552061299e-01,3.320014510886778029e-16,1.932756072061768628e-13,2.100380708292218193e-14,-1.000000000000000000e+00
9.921147013144705484e-01,1.253332335643614903e-01,-5.521796321790072856e-14,1.253332335643614903e-01,-9.921147013144705484e-01,2.125891405878461563e-16,-5.475590860071046371e-14,-7.131558692654485887e-15,-1.000000000000000000e+00
9.900236577165695273e-01,1.409012319374984834e-01,1.944132455041332788e-13,1.409012319374984834e-01,-9.900236577165695273e-01,3.320513266470150564e-16,1.925204988635425012e-13,2.706432712754300343e-14,-1.000000000000000000e+00
9.876883405951333295e-01,1.564344650402581249e-01,-5.521796321761565316e-14,1.564344650402581527e-01,-9.876883405951334405e-01,2.126355039259809012e-16,-5.450487494014469998e-14,-8.848010144584619721e-15,-1.000000000000000000e+00
9.851093261547649860e-01,1.719291002794606227e-01,1.944132455041308049e-13,1.719291002794606227e-01,-9.851093261547650970e-01,3.321022436488987511e-16,1.915753993140865766e-13,3.309813736447965072e-14,-1.000000000000000000e+00
9.822872507286990462e-01,1.873813145856711715e-01,1.325231117273764565e-13,1.873813145856711437e-01,-9.822872507286989352e-01,1.229640667114814728e-16,1.301988042451639883e-13,2.471156885343112482e-14,-1.000000000000000000e+00
9.792228106217918393e-01,2.027872953563868985e-01,1.235501927025120688e-13,2.027872953563868985e-01,-9.792228106217917283e-01,3.880509652968119610e-17,1.209910361315891305e-13,2.501641058321258838e-14,-1.000000000000000000e+00
9.759167619387452142e-01,2.181432413965524453e-01,-4.785556812565152600e-14,2.181432413965524175e-01,-9.759167619387451031e-01,1.871668534103225998e-16,-4.666222190183993998e-14,-1.062202801932562719e-14,-1.000000000000000000e+00
9.723699203977084204e-01,2.334453638557732191e-01,1.235501927021123372e-13,2.334453638557732191e-01,-9.723699203977083094e-01,3.876116518586277833e-17,1.201455396571847727e-13,2.880452949868921253e-14,-1.000000000000000000e+00
9.685831611286258580e-01,2.486898871648757781e-01,-4.785556812630741020e-14,2.486898871648757503e-01,-9.685831611286257470e-01,1.871261774709491062e-16,-4.630556106542428451e-14,-1.208244310204713921e-14,-1.000000000000000000e+00
9.645574184578251664e-01,2.638730499652741091e-01,1.235501927010849247e-13,2.638730499652741091e-01,-9.645574184578251664e-01,3.871663800328161443e-17,1.191814711990796361e-13,3.256422175142881734e-14,-1.000000000000000000e+00
9.602936856769140883e-01,2.789911060393291953e-01,-4.785556812631398615e-14,2.789911060393292508e-01,-9.602936856769139773e-01,1.870849702140486970e-16,-4.590320485341735257e-14,-1.353093439728241594e-14,-1.000000000000000000e+00
9.557930147983547675e-01,2.940403252322237870e-01,1.235501927009753425e-13,2.940403252322237870e-01,-9.557930147983547675e-01,3.867151901448949304e-17,1.180997821466111730e-13,3.629177687655302296e-14,-1.000000000000000000e+00
9.510565162951236662e-01,3.090169943750395998e-01,-4.785556812649442072e-14,3.090169943750395443e-01,-9.510565162951236662e-01,1.870432366924953899e-16,-4.545555036888683597e-14,-1.496607251564457448e-14,-1.000000000000000000e+00
9.460853588275933701e-01,3.239174181980090106e-01,1.235501927017430998e-13,3.239174181980089551e-01,-9.460853588275933701e-01,3.862581181633358619e-17,1.169015399686862733e-13,3.998351612278285045e-14,-1.000000000000000000e+00
9.408807689542841857e-01,3.387379202451283877e-01,-5.153676567481960314e-14,3.387379202451283877e-01,-9.408807689542841857e-01,1.852574983361451133e-16,-4.842719797784482379e-14,-1.763176203833797223e-14,-1.000000000000000000e+00
9.354440308298112017e-01,3.534748437794055786e-01,-2.135094577826463035e-13,3.534748437794055786e-01,-9.354440308298112017e-01,9.993865397544302246e-17,-1.996908220083845653e-13,-7.556370925245698765e-14,-1.000000000000000000e+00
9.297764858882168193e-01,3.681245526847652938e-01,-4.785556811961855130e-14,3.681245526847652938e-01,-9.297764858882168193e-01,3.435057299370074986e-16,-4.436852906326539913e-14,-1.793619315797319338e-14,-1.000000000000000000e+00
9.238795325112340029e-01,3.826834323652173464e-01,-2.135094577827279159e-13,3.826834323652173464e-01,-9.238795325112338919e-01,9.993213841620368991e-17,-1.972187756693009863e-13,-8.179885740405359626e-14,-1.000000000000000000e+00
9.177546256840022343e-01,3.971478906347317706e-01,-4.785556812096492861e-14,3.971478906347317706e-01,-9.177546256840022343e-01,3.435552215192434807e-16,-4.378322677620852651e-14,-1.932103732809511644e-14,-1.000000000000000000e+00
9.114032766353953319e-01,4.115143586052195657e-01,-2.135094577828269463e-13,4.115143586052195657e-01,-9.114032766353952209e-01,9.992515999889496604e-17,-1.945520987777896172e-13,-8.795327969388955254e-14,-1.000000000000000000e+00
9.048270524660513292e-01,4.257792915650048804e-01,-4.785556812097175068e-14,4.257792915650049359e-01,-9.048270524660514402e-01,3.436052127692142657e-16,-4.315471266291628447e-14,-2.068681318387012400e-14,-1.000000000000000000e+00
8.980275757604671005e-01,4.399391698562184483e-01,-2.135094577826225241e-13,4.399391698562184483e-01,-8.980275757604671005e-01,9.991771287913834425e-17,-1.916934230588022826e-13,-9.402090247481063449e-14,-1.000000000000000000e+00
8.910065241883837750e-01,4.539904997395156072e-01,-4.785556812228213699e-14,4.539904997395155517e-01,-8.910065241883837750e-01,3.436556985669593543e-16,-4.248360699336427861e-14,-2.203217275665097496e-14,-1.000000000000000000e+00
8.837656300885429195e-01,4.679298142608575017e-01,-2.135094577831165908e-13,4.679298142608575573e-01,-8.837656300885430305e-01,9.990979208465373203e-17,-1.886455697171062109e-13,-9.999573776374387124e-14,-1.000000000000000000e+00
8.763066800437949722e-01,4.817536741018400015e-01,-4.785556812229071349e-14,4.817536741018400570e-01,-8.763066800437949722e-01,3.437066732342108655e-16,-4.177057207021034293e-14,-2.335578822287522006e-14,-1.000000000000000000e+00
8.686315144382329434e-01,4.954586684323344925e-01,1.039938307310371346e-13,4.954586684323344925e-01,-8.686315144382329434e-01,1.960819997235981104e-16,9.042946920662064481e-14,5.135432189480326034e-14,-1.000000000000000000e+00
8.607420270040085919e-01,5.090414157502614056e-01,2.724086185511060856e-13,5.090414157502614056e-01,-8.607420270040085919e-01,1.910886355734727042e-16,2.345708185346269851e-13,1.385027908303070317e-13,-1.000000000000000000e+00
8.526401643541144937e-01,5.224985647159127167e-01,7.454425034688332760e-14,5.224985647159127167e-01,-8.526401643541143827e-01,2.197601886904872101e-16,6.367424625059331719e-14,3.876188745066667237e-14,-1.000000000000000000e+00
8.443279255021244323e-01,5.358267949788242390e-01,2.724086185510738748e-13,5.358267949788242390e-01,-8.443279255021244323e-01,1.910973885544189147e-16,2.301045988913657100e-13,1.458024881411839898e-13,-1.000000000000000000e+00
8.358073613683392189e-01,5.490228179980267686e-01,7.454425034688716462e-14,5.490228179980267686e-01,-8.358073613683392189e-01,2.197851319745277767e-16,6.242530024012339606e-14,4.074279635977475179e-14,-1.000000000000000000e+00
8.270805742747787681e-01,5.620833778518115054e-01,2.724086185510576179e-13,5.620833778518115054e-01,-8.270805742747786571e-01,1.911065502367563055e-16,2.254112944838945267e-13,1.529582959558066140e-13,-1.000000000000000000e+00
8.181497174251392002e-01,5.750052520431139236e-01,7.454425034683665227e-14,5.750052520431139236e-01,-8.181497174251392002e-01,2.198107433862873773e-16,6.111474968883585529e-14,4.268349736145928771e-14,-1.000000000000000000e+00
8.090169943751056580e-01,5.877852522922553113e-01,2.724086185508197227e-13,5.877852522922553113e-01,-8.090169943751057691e-01,1.911161246355788959e-16,2.204955370613948950e-13,1.599631523887490082e-13,-1.000000000000000000e+00
7.996846584871328822e-01,6.004202253258276167e-01,7.454425034681042423e-14,6.004202253258275057e-01,-7.996846584871328822e-01,2.198370272474993370e-16,5.974388797820334421e-14,4.458207529191957755e-14,-1.000000000000000000e+00
7.901550123758337429e-01,6.129070536527916335e-01,2.724086185510447437e-13,6.129070536527916335e-01,-7.901550123758337429e-01,1.911261168921890776e-16,2.153621779076650072e-13,1.668101445264897288e-13,-1.000000000000000000e+00
7.804304073384207285e-01,6.252426563355916178e-01,5.751871168756438948e-14,6.252426563355916178e-01,-7.804304073384207285e-01,2.099434726595623594e-16,4.502061720643304352e-14,3.579930581464805039e-14,-1.000000000000000000e+00
7.705132427756348212e-01,6.374239897488764850e-01,-1.214795190852174709e-13,6.374239897488764850e-01,-7.705132427756347102e-01,1.983999931893658982e-19,-9.360145171626029183e-14,-7.743411259789621748e-14,-1.000000000000000000e+00
7.604059655998601785e-01,6.494480483303836094e-01,-1.789982307712667551e-13,6.494480483303836094e-01,-7.604059655998601785e-01,2.444965844795084433e-16,-1.359525346806780373e-13,-1.164359682903978246e-13,-1.000000000000000000e+00
7.501110696304515990e-01,6.613118653236608191e-01,-1.214795190864096479e-13,6.613118653236608191e-01,-7.501110696304517100e-01,1.277286713185323624e-19,-9.112304753161372495e-14,-8.033594317634509049e-14,-1.000000000000000000e+00
7.396310949784696831e-01,6.730125135099271905e-01,-1.789982307712512304e-13,6.730125135099271905e-01,-7.396310949784695721e-01,2.444678879312824273e-16,-1.322281274768202450e-13,-1.206488652568274552e-13,-1.000000000000000000e+00
7.289686274213430517e-01,6.845471059287616677e-01,-1.214795190849922732e-13,6.845471059287616677e-01,-7.289686274213430517e-01,5.601140722719102031e-20,-8.855471994474494570e-14,-8.315849404980787188e-14,-1.000000000000000000e+00
7.181262977630767930e-01,6.959127965924301051e-01,-1.789982307710139662e-13,6.959127965924301051e-01,-7.181262977630766819e-01,2.444384922413671789e-16,-1.283732288949985546e-13,-1.247426970704175558e-13,-1.000000000000000000e+00
7.071067811864232278e-01,7.071067811866718067e-01,-1.214795190849080102e-13,7.071067811866718067e-01,-7.071067811864232278e-01,-1.675178917422172317e-20,-8.589900356550768944e-14,-8.589897987493045736e-14,-1.000000000000000000e+00
6.959127965921225734e-01,7.181262977633746658e-01,-1.789982307710641252e-13,7.181262977633746658e-01,-6.959127965921225734e-01,2.444083930786260277e-16,-1.243916432664695159e-13,-1.287134236981563755e-13,-1.000000000000000000e+00
6.845471059286082349e-01,7.289686274214870476e-01,-1.214795190846794551e-13,7.289686274214871586e-01,-6.845471059286082349e-01,-9.056141730549958368e-20,-8.315851923544852890e-14,-8.855469629342500423e-14,-1.000000000000000000e+00
6.730125135096070021e-01,7.396310949787610056e-01,-1.789982307709987191e-13,7.396310949787610056e-01,-6.730125135096070021e-01,2.443775866805893021e-16,-1.202872999429377066e-13,-1.325571265982720525e-13,-1.000000000000000000e+00
6.613118653235469102e-01,7.501110696305520742e-01,-8.834874115277673807e-14,7.501110696305520742e-01,-6.613118653235469102e-01,-3.195800163025634960e-17,-5.845004286151611627e-14,-6.625023452095201992e-14,-1.000000000000000000e+00
6.494480483302615959e-01,7.604059655999644285e-01,1.944132455040931920e-13,7.604059655999643175e-01,-6.494480483302614848e-01,3.334884381323984865e-16,1.265148894599997937e-13,1.476164082576771072e-13,-1.000000000000000000e+00
6.374239897486723150e-01,7.705132427758035751e-01,-5.521796321931422847e-14,7.705132427758035751e-01,-6.374239897486724260e-01,2.138868332862629782e-16,-3.503245178354827781e-14,-4.268250849821689717e-14,-1.000000000000000000e+00
6.252426563359111400e-01,7.804304073381647111e-01,1.944132455042880470e-13,7.804304073381648221e-01,-6.252426563359111400e-01,3.335636860418532990e-16,1.218157772893575643e-13,1.515174501357281376e-13,-1.000000000000000000e+00
6.129070536529785951e-01,7.901550123756886368e-01,-5.521796321978933730e-14,7.901550123756886368e-01,-6.129070536529785951e-01,2.139489399863172807e-16,-3.367442631843697769e-14,-4.376188122573216629e-14,-1.000000000000000000e+00
6.004202253261029520e-01,7.996846584869261587e-01,1.944132455030666884e-13,7.996846584869261587e-01,-6.004202253261029520e-01,3.336400061537055073e-16,1.169964514657088648e-13,1.552689656277822051e-13,-1.000000000000000000e+00
5.877852522923383560e-01,8.090169943750453729e-01,-5.521796321928040842e-14,8.090169943750453729e-01,-5.877852522923383560e-01,2.140116556214642005e-16,-3.228316537552169067e-14,-4.479806353416700530e-14,-1.000000000000000000e+00
5.750052520432498149e-01,8.181497174250437210e-01,1.944132455026685723e-13,8.181497174250436100e-01,-5.750052520432498149e-01,3.337173996073739208e-16,1.120616680269967455e-13,1.588672526142214629e-13,-1.000000000000000000e+00
5.620833778520418766e-01,8.270805742746222267e-01,-5.521796321881019052e-14,8.270805742746221156e-01,-5.620833778520417656e-01,2.140749762573062444e-16,-3.086004202983791202e-14,-4.579003271505679581e-14,-1.000000000000000000e+00
5.490228179983684953e-01,8.358073613681147318e-01,1.944132455031026352e-13,8.358073613681148428e-01,-5.490228179983684953e-01,3.337958673121074088e-16,1.070162969454157720e-13,1.623087601912518298e-13,-1.000000000000000000e+00
5.358267949790066487e-01,8.443279255020087470e-01,-5.521796321813646544e-14,8.443279255020087470e-01,-5.358267949790066487e-01,2.141388973378130734e-16,-2.940646080548421549e-14,-4.673680969345624251e-14,-1.000000000000000000e+00
5.224985647160022006e-01,8.526401643540595376e-01,-1.955636197419316901e-14,8.526401643540596487e-01,-5.224985647160022006e-01,4.937853772110690705e-17,-1.017606893806444605e-14,-1.670033990293059887e-14,-1.000000000000000000e+00
5.090414157502891612e-01,8.607420270039923826e-01,-4.785556812498663617e-14,8.607420270039922716e-01,-5.090414157502890502e-01,1.859480641332446246e-16,-2.420041283623808505e-14,-4.128595397715105048e-14,-1.000000000000000000e+00
4.954586684325012480e-01,8.686315144381377973e-01,1.235501927036485586e-13,8.686315144381377973e-01,-4.954586684325012480e-01,3.742068030510938446e-17,6.124651874373337865e-14,1.073010505968582017e-13,-1.000000000000000000e+00
4.817536741017093838e-01,8.763066800438669146e-01,-4.785556812410370518e-14,8.763066800438669146e-01,-4.817536741017093838e-01,1.858950537052945391e-16,-2.289169469266253826e-14,-4.202570964956627752e-14,-1.000000000000000000e+00
4.679298142605668454e-01,8.837656300886969074e-01,1.235501927032859602e-13,8.837656300886969074e-01,-4.679298142605668454e-01,3.736200650929057467e-17,5.784583798072990067e-14,1.091719311052331388e-13,-1.000000000000000000e+00
4.539904997395563524e-01,8.910065241883629028e-01,-4.785556812450553199e-14,8.910065241883629028e-01,-4.539904997395563524e-01,1.858416319169473142e-16,-2.156038718166084388e-14,-4.272399375302148437e-14,-1.000000000000000000e+00
4.399391698560198294e-01,8.980275757605644671e-01,1.235501927040323362e-13,8.980275757605643561e-01,-4.399391698560197739e-01,3.730284111632342458e-17,5.438806819373993098e-14,1.109350690577987433e-13,-1.000000000000000000e+00
4.257792915650312482e-01,9.048270524660388947e-01,-4.785556812385686113e-14,9.048270524660390057e-01,-4.257792915650313592e-01,1.857878036120447036e-16,-2.020780406249144754e-14,-4.338011724900049730e-14,-1.000000000000000000e+00
4.115143586051851488e-01,9.114032766354107640e-01,1.235501927045695947e-13,9.114032766354107640e-01,-4.115143586051851488e-01,3.724318831394983887e-17,5.087662187022966978e-14,1.125887243531297274e-13,-1.000000000000000000e+00
3.971478906347969406e-01,9.177546256839740346e-01,-4.785556812410409014e-14,9.177546256839741456e-01,-3.971478906347969962e-01,1.857335741675403154e-16,-1.883528008878069028e-14,-4.399343270783177414e-14,-1.000000000000000000e+00
3.826834323651465142e-01,9.238795325112633128e-01,1.771576319975588949e-13,9.238795325112633128e-01,-3.826834323651464587e-01,3.826428509953653100e-17,6.783064227233697133e-14,1.636576671227482499e-13,-1.000000000000000000e+00
3.681245526847344851e-01,9.297764858882289207e-01,-4.785556812312103061e-14,9.297764858882290318e-01,-3.681245526847344851e-01,3.449402510549047825e-16,-1.729609227433053809e-14,-4.462196293532277436e-14,-1.000000000000000000e+00
3.534748437790954934e-01,9.354440308299284412e-01,-2.135094577834338770e-13,9.354440308299284412e-01,-3.534748437790954934e-01,9.958361236971520721e-17,-7.537706733959894709e-14,-1.997613481110731641e-13,-1.000000000000000000e+00
3.387379202452805438e-01,9.408807689542293407e-01,-4.785556812393594917e-14,9.408807689542293407e-01,-3.387379202452805438e-01,3.450009292065270840e-16,-1.588589087889664599e-14,-4.514324863243247578e-14,-1.000000000000000000e+00
3.239174181979525557e-01,9.460853588276127990e-01,-2.135094577830925337e-13,9.460853588276127990e-01,-3.239174181979525557e-01,9.956264343254572128e-17,-6.906523756670636070e-14,-2.020304220542157324e-13,-1.000000000000000000e+00
3.090169943749023207e-01,9.510565162951681861e-01,-4.785556812227775724e-14,9.510565162951681861e-01,-3.090169943749023762e-01,3.450619613434270868e-16,-1.446001039838840804e-14,-4.561997991386704451e-14,-1.000000000000000000e+00
2.940403252321183158e-01,9.557930147983872970e-01,-2.135094577830419204e-13,9.557930147983872970e-01,-2.940403252321183158e-01,9.954106284927679869e-17,-6.268524975410192601e-14,-2.041001174289167318e-13,-1.000000000000000000e+00
2.789911060390623532e-01,9.602936856769915819e-01,-4.785556812256051654e-14,9.602936856769915819e-01,-2.789911060390624087e-01,3.451233419816352244e-16,-1.301985811455615102e-14,-4.605168623547933730e-14,-1.000000000000000000e+00
2.638730499649993844e-01,9.645574184579002175e-01,-2.135094577831055594e-13,9.645574184579002175e-01,-2.638730499649994399e-01,9.951886501654753605e-17,-5.624340016207313470e-14,-2.059683917620593224e-13,-1.000000000000000000e+00
2.486898871647736098e-01,9.685831611286519482e-01,-4.785556812285758262e-14,9.685831611286519482e-01,-2.486898871647735820e-01,3.451850644672249844e-16,-1.156685539576352468e-14,-4.643794148477826335e-14,-1.000000000000000000e+00
2.334453638555659682e-01,9.723699203977581584e-01,-2.135094577832184233e-13,9.723699203977580474e-01,-2.334453638555659405e-01,9.949604404610984874e-17,-4.974604609837901522e-14,-2.076334013590411246e-13,-1.000000000000000000e+00
2.181432413968704132e-01,9.759167619386740489e-01,1.693350872067834610e-13,9.759167619386741599e-01,-2.181432413968704132e-01,1.253698998988743647e-16,3.706165539226335125e-14,1.652296013931095674e-13,-1.000000000000000000e+00
2.027872953564099912e-01,9.792228106217869543e-01,7.454425034688120714e-14,9.792228106217870653e-01,-2.027872953564099912e-01,2.206374637854992929e-16,1.533268014963166632e-14,7.295068786583178375e-14,-1.000000000000000000e+00
1.873813145859171414e-01,9.822872507286519728e-01,2.724086185511339544e-13,9.822872507286519728e-01,-1.873813145859171414e-01,1.914821351785998272e-16,5.123237550877337462e-14,2.675476328171739467e-13,-1.000000000000000000e+00
1.719291002794503254e-01,9.851093261547668734e-01,7.454425034680970479e-14,9.851093261547667623e-01,-1.719291002794503254e-01,2.206812495017124005e-16,1.303372105012471863e-14,7.339629469918257254e-14,-1.000000000000000000e+00
1.564344650404012882e-01,9.876883405951106809e-01,2.724086185509124675e-13,9.876883405951106809e-01,-1.564344650404012882e-01,1.915036057261263941e-16,4.280324239396435075e-14,2.690248586562422244e-13,-1.000000000000000000e+00
1.409012319376747036e-01,9.900236577165445473e-01,7.454425034680421431e-14,9.900236577165444363e-01,-1.409012319376746758e-01,2.207258183688450438e-16,1.072190048978914779e-14,7.376947085035226412e-14,-1.000000000000000000e+00
1.253332335646390183e-01,9.921147013144355764e-01,2.724086185511129013e-13,9.921147013144355764e-01,-1.253332335646390183e-01,1.915256140476350788e-16,3.433186839126222496e-14,2.702365907047963411e-13,-1.000000000000000000e+00
1.097343110911692121e-01,9.939609554551660509e-01,7.454425034680949022e-14,9.939609554551660509e-01,-1.097343110911692121e-01,2.207711740553734519e-16,8.399499884715827191e-15,7.406984812571009306e-14,-1.000000000000000000e+00
9.410831331882468787e-02,9.955619646030506864e-01,2.724086185513254015e-13,9.955619646030506864e-01,-9.410831331882468787e-02,1.915481649048383645e-16,2.582661369274509823e-14,2.711816331850420693e-13,-1.000000000000000000e+00
7.845909572798323572e-02,9.969173337331169726e-01,7.454425034686671734e-14,9.969173337331171947e-01,-7.845909572798324960e-02,2.208173211679151485e-16,6.068811088996371616e-15,7.429713017359244767e-14,-1.000000000000000000e+00
6.279051952964373462e-02,9.980267284282506868e-01,2.724086185513954776e-13,9.980267284282507978e-01,-6.279051952964373462e-02,2.035029229679168098e-16,1.730778003962992620e-14,2.718583043142496378e-13,-1.000000000000000000e+00
4.710645070932760470e-02,9.988898749619847806e-01,-2.323755952172728992e-13,9.988898749619848916e-01,-4.710645070932761164e-02,1.456003365219923158e-16,-1.080095082021025467e-14,-2.321244879658741794e-13,-1.000000000000000000e+00
3.141075907793668825e-02,9.995065603657375952e-01,-8.834874115214010839e-14,9.995065603657375952e-01,-3.141075907793668132e-02,2.635260493784409790e-17,-2.748761421650761121e-15,-8.830597413694323371e-14,-1.000000000000000000e+00
1.570731731169185477e-02,9.998766324816625861e-01,-1.435667043716240429e-13,9.998766324816625861e-01,-1.570731731169185477e-02,2.007488042178854838e-16,-2.054323742622857136e-15,-1.435521461287576337e-13,-1.000000000000000000e+00
